Date,stocks,gold,bonds,vix,usdinr
2012-01-02,,,,27.530000686645508,53.007999420166016
2012-01-03,4765.2998046875,1599.699951171875,76.11090850830078,26.15999984741211,53.29800033569336
2012-01-04,4749.64990234375,1611.9000244140625,75.8714828491211,26.40999984741211,53.04999923706055
2012-01-05,4749.9501953125,1619.4000244140625,75.88597869873047,25.90999984741211,52.849998474121094
2012-01-06,4754.10009765625,1616.0999755859375,76.18342590332031,25.459999084472656,52.7599983215332
2012-01-09,4742.7998046875,1607.5,76.19789123535156,25.68000030517578,52.67300033569336
2012-01-10,4849.5498046875,1631.0,76.04558563232422,24.0,52.380001068115234
2012-01-11,4860.9501953125,1639.199951171875,76.48816680908203,24.540000915527344,51.599998474121094
2012-01-12,4831.25,1647.300048828125,76.32852172851562,24.030000686645508,51.75
2012-01-13,4866.0,1630.4000244140625,76.66963195800781,23.479999542236328,51.45000076293945
2012-01-16,4873.89990234375,,,24.06999969482422,51.43299865722656
2012-01-17,4967.2998046875,1655.199951171875,76.74213409423828,22.610000610351562,51.380001068115234
2012-01-18,4955.7998046875,1659.5,76.50265502929688,22.68000030517578,50.650001525878906
2012-01-19,5018.39990234375,1654.0999755859375,76.04558563232422,21.68000030517578,50.36000061035156
2012-01-20,5048.60009765625,1663.699951171875,75.78433990478516,21.959999084472656,50.303001403808594
2012-01-23,5046.25,1678.0,75.61751556396484,22.139999389648438,50.222999572753906
2012-01-24,5127.35009765625,1664.199951171875,75.70454406738281,21.420000076293945,49.84000015258789
2012-01-25,5158.2998046875,1699.800048828125,76.06732940673828,21.020000457763672,50.0
2012-01-26,,1726.300048828125,76.4736557006836,,50.0
2012-01-27,5204.7001953125,1731.800048828125,76.70586395263672,21.700000762939453,52.49300003051758
2012-01-30,5087.2998046875,1731.0,76.9670181274414,23.459999084472656,49.38800048828125
2012-01-31,5199.25,1737.800048828125,77.2572250366211,22.65999984741211,52.49300003051758
2012-02-01,5235.7001953125,1747.0999755859375,76.98904418945312,22.889999389648438,49.5
2012-02-02,5269.89990234375,1756.800048828125,77.09807586669922,23.690000534057617,49.0099983215332
2012-02-03,5325.85009765625,1737.9000244140625,76.48748779296875,24.09000015258789,49.0
2012-02-06,5361.64990234375,1722.800048828125,76.69831848144531,24.6200008392334,48.65299987792969
2012-02-07,5335.14990234375,1746.4000244140625,76.20401763916016,24.90999984741211,49.053001403808594
2012-02-08,5368.14990234375,1729.300048828125,76.2403564453125,24.270000457763672,49.042999267578125
2012-02-09,5412.35009765625,1739.0,76.06594848632812,23.299999237060547,49.14799880981445
2012-02-10,5381.60009765625,1723.300048828125,76.49475860595703,23.829999923706055,49.487998962402344
2012-02-13,5390.2001953125,1723.0,76.44390106201172,23.709999084472656,49.35300064086914
2012-02-14,5416.0498046875,1715.9000244140625,76.60382080078125,22.709999084472656,49.1879997253418
2012-02-15,5531.9501953125,1726.300048828125,76.66199493408203,22.100000381469727,49.358001708984375
2012-02-16,5521.9501953125,1726.800048828125,76.31307983398438,23.329999923706055,49.28300094604492
2012-02-17,5564.2998046875,1724.5,76.23311614990234,24.18000030517578,49.28300094604492
2012-02-20,,,,,49.31800079345703
2012-02-21,5607.14990234375,1757.0999755859375,75.9569320678711,26.25,49.14799880981445
2012-02-22,5505.35009765625,1770.0,76.2549057006836,26.799999237060547,49.303001403808594
2012-02-23,5483.2998046875,1784.9000244140625,76.36396026611328,24.329999923706055,49.21799850463867
2012-02-24,5429.2998046875,1775.0999755859375,76.42212677001953,24.81999969482422,49.09299850463867
2012-02-27,5281.2001953125,1773.5999755859375,76.67650604248047,27.3799991607666,49.007999420166016
2012-02-28,5375.5,1787.0,76.71278381347656,25.850000381469727,49.17300033569336
2012-02-29,5385.2001953125,1709.9000244140625,76.4075698852539,26.93000030517578,49.06800079345703
2012-03-01,5339.75,1721.0999755859375,76.16000366210938,27.670000076293945,49.00299835205078
2012-03-02,5359.35009765625,1708.800048828125,76.46578979492188,27.84000015258789,49.198001861572266
2012-03-05,5280.35009765625,1703.0,76.31290435791016,28.920000076293945,49.518001556396484
2012-03-06,5222.39990234375,1671.4000244140625,76.63326263427734,27.34000015258789,49.83300018310547
2012-03-07,5220.4501953125,1683.300048828125,76.48764038085938,26.329999923706055,50.358001708984375
2012-03-08,,1698.0999755859375,76.26195526123047,,50.27799987792969
2012-03-09,5333.5498046875,1710.9000244140625,76.2037124633789,25.469999313354492,50.073001861572266
2012-03-12,5359.5498046875,1699.199951171875,76.181884765625,26.270000457763672,49.75299835205078
2012-03-13,5429.5,1693.699951171875,75.63583374023438,24.75,49.96799850463867
2012-03-14,5463.89990234375,1642.5,74.76944732666016,24.719999313354492,49.83000183105469
2012-03-15,5380.5,1659.0999755859375,74.74761962890625,25.420000076293945,49.90800094604492
2012-03-16,5317.89990234375,1655.5,74.72577667236328,23.1299991607666,50.37799835205078
2012-03-19,5257.0498046875,1666.9000244140625,74.26715850830078,22.969999313354492,50.132999420166016
2012-03-20,5274.85009765625,1646.699951171875,74.30352020263672,21.940000534057617,50.22800064086914
2012-03-21,5364.9501953125,1650.0,74.68212127685547,21.0,50.38800048828125
2012-03-22,5228.4501953125,1642.300048828125,74.7767562866211,24.770000457763672,50.62799835205078
2012-03-23,5278.2001953125,1662.300048828125,75.0534439086914,23.34000015258789,51.119998931884766
2012-03-26,5184.25,1685.5,74.96602630615234,26.739999771118164,51.167999267578125
2012-03-27,5243.14990234375,1684.800048828125,75.3810043334961,25.049999237060547,51.02299880981445
2012-03-28,5194.75,1657.9000244140625,75.2500228881836,24.8700008392334,50.678001403808594
2012-03-29,5178.85009765625,1652.199951171875,75.56305694580078,24.329999923706055,50.77299880981445
2012-03-30,5295.5498046875,1669.300048828125,75.19169616699219,22.3799991607666,51.3380012512207
2012-04-02,5317.89990234375,1677.5,75.37185668945312,20.8799991607666,50.86800003051758
2012-04-03,5358.5,1670.0,74.81755065917969,20.010000228881836,50.86800003051758
2012-04-04,5322.89990234375,1612.300048828125,75.19683837890625,20.6299991607666,50.25
2012-04-05,,1628.5,75.53229522705078,,51.108001708984375
2012-04-06,,,,,51.03300094604492
2012-04-09,5234.39990234375,1642.5,76.30541229248047,22.329999923706055,51.03300094604492
2012-04-10,5243.60009765625,1659.5,76.66271209716797,21.920000076293945,51.04999923706055
2012-04-11,5226.85009765625,1659.0,76.36373138427734,22.290000915527344,51.472999572753906
2012-04-12,5276.85009765625,1679.5,76.21060180664062,21.780000686645508,51.45800018310547
2012-04-13,5207.4501953125,1659.0999755859375,76.67000579833984,22.75,51.22800064086914
2012-04-16,5226.2001953125,1648.699951171875,76.64813232421875,22.229999542236328,51.542999267578125
2012-04-17,5289.7001953125,1650.300048828125,76.56791687011719,20.309999465942383,51.667999267578125
2012-04-18,5300.0,1638.800048828125,76.72107696533203,20.030000686645508,51.46799850463867
2012-04-19,5332.39990234375,1640.5999755859375,76.80854034423828,19.350000381469727,51.78799819946289
2012-04-20,5290.85009765625,1642.0999755859375,76.8158950805664,20.09000015258789,52.13800048828125
2012-04-23,5200.60009765625,1631.9000244140625,76.96894836425781,21.56999969482422,52.06800079345703
2012-04-24,5222.64990234375,1643.0,76.77210235595703,19.25,52.49800109863281
2012-04-25,5202.0,1641.4000244140625,76.67732238769531,18.940000534057617,52.67300033569336
2012-04-26,5189.0,1659.5999755859375,76.93255615234375,18.739999771118164,52.53799819946289
2012-04-27,5190.60009765625,1664.0,77.01274108886719,17.889999389648438,52.40299987792969
2012-04-30,5248.14990234375,1663.4000244140625,77.07840728759766,17.81999969482422,52.53799819946289
2012-05-01,,1661.699951171875,76.93817901611328,,52.65800094604492
2012-05-02,5239.14990234375,1653.4000244140625,77.08421325683594,18.540000915527344,52.529998779296875
2012-05-03,5188.39990234375,1634.199951171875,77.07693481445312,19.25,52.95800018310547
2012-05-04,5086.85009765625,1644.699951171875,77.38375854492188,21.1200008392334,53.40800094604492
2012-05-07,5114.14990234375,1638.5999755859375,77.36178588867188,20.219999313354492,53.46799850463867
2012-05-08,4999.9501953125,1604.0,77.53710174560547,22.15999984741211,52.90299987792969
2012-05-09,4974.7998046875,1593.699951171875,77.60284423828125,23.040000915527344,53.11800003051758
2012-05-10,4965.7001953125,1595.0999755859375,77.49333953857422,22.719999313354492,53.81800079345703
2012-05-11,4928.89990234375,1583.5999755859375,77.74893951416016,22.479999542236328,53.25299835205078
2012-05-14,4907.7998046875,1560.5999755859375,78.09228515625,23.260000228881836,53.62799835205078
2012-05-15,4942.7998046875,1556.800048828125,78.11416625976562,22.280000686645508,53.95800018310547
2012-05-16,4858.25,1536.199951171875,78.17262268066406,23.709999084472656,53.78799819946289
2012-05-17,4870.2001953125,1574.5,78.46479797363281,23.59000015258789,54.487998962402344
2012-05-18,4891.4501953125,1591.5999755859375,78.4136962890625,23.549999237060547,54.46799850463867
2012-05-21,,1588.4000244140625,78.2091293334961,23.920000076293945,54.417999267578125
2012-05-22,4860.5,1576.300048828125,78.04116821289062,24.389999389648438,55.02799987792969
2012-05-23,4835.64990234375,1548.0999755859375,78.24566650390625,27.1299991607666,55.38800048828125
2012-05-24,4921.39990234375,1557.300048828125,78.07769012451172,25.489999771118164,55.99300003051758
2012-05-25,4920.39990234375,1568.800048828125,78.3041000366211,25.139999389648438,55.560001373291016
2012-05-28,4985.64990234375,,,23.68000030517578,55.36800003051758
2012-05-29,4990.10009765625,1548.5999755859375,78.2383804321289,24.030000686645508,55.36800003051758
2012-05-30,4950.75,1563.4000244140625,78.98340606689453,25.299999237060547,55.667999267578125
2012-05-31,4924.25,1562.5999755859375,79.29022979736328,25.25,56.22800064086914
2012-06-01,4841.60009765625,1620.5,79.97134399414062,26.770000457763672,56.077999114990234
2012-06-04,4848.14990234375,1612.199951171875,79.51036834716797,25.600000381469727,55.53799819946289
2012-06-05,4863.2998046875,1615.199951171875,79.24700927734375,26.260000228881836,55.64799880981445
2012-06-06,4997.10009765625,1632.800048828125,78.72759246826172,24.899999618530273,55.63800048828125
2012-06-07,5049.64990234375,1586.5999755859375,78.91777801513672,23.639999389648438,55.358001708984375
2012-06-08,5068.35009765625,1590.0999755859375,78.97637939453125,23.469999313354492,54.9379997253418
2012-06-11,5054.10009765625,1595.5,79.18849182128906,25.020000457763672,55.417999267578125
2012-06-12,5115.89990234375,1612.699951171875,78.76416778564453,24.200000762939453,55.65800094604492
2012-06-13,5121.4501953125,1618.0999755859375,79.18121337890625,24.360000610351562,55.79800033569336
2012-06-14,5054.75,1618.4000244140625,78.96902465820312,25.709999084472656,55.678001403808594
2012-06-15,5139.0498046875,1627.0,79.33484649658203,25.540000915527344,55.79800033569336
2012-06-18,5064.25,1625.699951171875,79.3128890991211,22.600000381469727,55.38800048828125
2012-06-19,5103.85009765625,1622.199951171875,79.04218292236328,21.43000030517578,55.90299987792969
2012-06-20,5120.5498046875,1614.800048828125,78.88119506835938,21.030000686645508,55.948001861572266
2012-06-21,5165.0,1564.5,79.04950714111328,19.940000534057617,56.14799880981445
2012-06-22,5146.0498046875,1566.0,78.70563507080078,20.579999923706055,56.29800033569336
2012-06-25,5114.64990234375,1587.5,79.13729858398438,21.56999969482422,57.11800003051758
2012-06-26,5120.7998046875,1574.0,78.9616928100586,20.229999542236328,57.007999420166016
2012-06-27,5141.89990234375,1577.5,79.07147216796875,20.3700008392334,57.007999420166016
2012-06-28,5149.14990234375,1549.699951171875,79.32752990722656,20.6200008392334,56.849998474121094
2012-06-29,5278.89990234375,1603.5,78.9616928100586,19.079999923706055,56.79800033569336
2012-07-02,5278.60009765625,1597.199951171875,79.32804107666016,19.010000228881836,55.50299835205078
2012-07-03,5287.9501953125,1621.300048828125,79.13024139404297,18.559999465942383,55.428001403808594
2012-07-04,5302.5498046875,,,18.270000457763672,54.358001708984375
2012-07-05,5327.2998046875,1608.9000244140625,79.34268188476562,18.350000381469727,54.47800064086914
2012-07-06,5316.9501953125,1578.4000244140625,79.6211166381836,18.040000915527344,54.9379997253418
2012-07-09,5275.14990234375,1588.5999755859375,79.8409423828125,18.719999313354492,55.40299987792969
2012-07-10,5345.35009765625,1579.300048828125,79.87757110595703,17.829999923706055,55.84299850463867
2012-07-11,5306.2998046875,1575.199951171875,79.80427551269531,18.389999389648438,55.38800048828125
2012-07-12,5235.25,1564.9000244140625,79.98747253417969,18.709999084472656,55.61800003051758
2012-07-13,5227.25,1591.5999755859375,79.92152404785156,18.260000228881836,55.928001403808594
2012-07-16,5197.25,1591.199951171875,80.09736633300781,18.770000457763672,55.13800048828125
2012-07-17,5192.85009765625,1589.0999755859375,79.89220428466797,17.780000686645508,55.04800033569336
2012-07-18,5216.2998046875,1570.4000244140625,79.97282409667969,17.440000534057617,55.097999572753906
2012-07-19,5242.7001953125,1580.0999755859375,79.85557556152344,16.3799991607666,55.3129997253418
2012-07-20,5205.10009765625,1582.5,80.1706314086914,16.889999389648438,55.11800003051758
2012-07-23,5117.9501953125,1577.0999755859375,80.30257415771484,18.65999984741211,55.31800079345703
2012-07-24,5128.2001953125,1576.0,80.45635223388672,16.969999313354492,55.9630012512207
2012-07-25,5109.60009765625,1608.0,80.50032806396484,16.75,56.108001708984375
2012-07-26,5043.0,1615.0,80.25125122070312,16.3700008392334,56.15800094604492
2012-07-27,5099.85009765625,1617.9000244140625,79.67241668701172,16.440000534057617,55.518001556396484
2012-07-30,5199.7998046875,1619.699951171875,79.92888641357422,16.600000381469727,55.24800109863281
2012-07-31,5229.0,1610.5,80.06806182861328,16.010000228881836,55.42300033569336
2012-08-01,5240.5,1603.699951171875,79.7760238647461,16.450000762939453,55.64799880981445
2012-08-02,5227.75,1587.4000244140625,79.96678161621094,16.770000457763672,55.46799850463867
2012-08-03,5215.7001953125,1606.0,79.5485610961914,16.1200008392334,55.8380012512207
2012-08-06,5282.5498046875,1612.9000244140625,79.59989166259766,16.219999313354492,55.74800109863281
2012-08-07,5336.7001953125,1609.699951171875,79.18164825439453,16.209999084472656,55.518001556396484
2012-08-08,5338.0,1612.9000244140625,79.07158660888672,16.3700008392334,55.0629997253418
2012-08-09,5322.9501953125,1617.0999755859375,79.01289367675781,16.329999923706055,55.417999267578125
2012-08-10,5320.39990234375,1619.699951171875,79.2403564453125,16.06999969482422,55.268001556396484
2012-08-13,5347.89990234375,1609.5999755859375,79.18897247314453,16.010000228881836,55.27799987792969
2012-08-14,5380.35009765625,1599.4000244140625,78.80009460449219,15.640000343322754,55.3380012512207
2012-08-15,,1603.699951171875,78.4038314819336,,55.64799880981445
2012-08-16,5362.9501953125,1616.0999755859375,78.2131118774414,15.6899995803833,55.64799880981445
2012-08-17,5366.2998046875,1616.300048828125,78.30846405029297,15.729999542236328,55.61800003051758
2012-08-20,,1620.0999755859375,78.35246276855469,,55.72800064086914
2012-08-21,5421.0,1639.9000244140625,78.41854095458984,16.299999237060547,55.49800109863281
2012-08-22,5412.85009765625,1637.4000244140625,79.027587890625,16.0,55.362998962402344
2012-08-23,5415.35009765625,1669.5999755859375,79.16697692871094,16.1200008392334,55.49300003051758
2012-08-24,5386.7001953125,1669.800048828125,79.13033294677734,16.15999984741211,55.257999420166016
2012-08-27,5350.25,1672.4000244140625,79.33576202392578,16.469999313354492,55.49800109863281
2012-08-28,,1666.5,79.3651351928711,16.350000381469727,55.6879997253418
2012-08-29,5287.7998046875,1659.800048828125,79.313720703125,16.739999771118164,55.66299819946289
2012-08-30,5315.0498046875,1653.5,79.46047973632812,16.670000076293945,55.62300109863281
2012-08-31,5258.5,1684.5999755859375,79.97412872314453,17.299999237060547,55.62799835205078
2012-09-03,5253.75,,,17.280000686645508,55.518001556396484
2012-09-04,5274.0,1692.9000244140625,79.79117584228516,16.59000015258789,55.52799987792969
2012-09-05,5225.7001953125,1690.800048828125,79.76177215576172,17.010000228881836,55.64799880981445
2012-09-06,5238.39990234375,1702.5999755859375,79.21808624267578,16.979999542236328,55.90299987792969
2012-09-07,5342.10009765625,1737.5,79.3209228515625,15.260000228881836,55.65800094604492
2012-09-10,5363.4501953125,1728.699951171875,79.35765838623047,15.270000457763672,55.358001708984375
2012-09-11,5390.0,1731.800048828125,79.21070098876953,15.380000114440918,55.4379997253418
2012-09-12,5431.0,1730.5999755859375,78.82129669189453,15.039999961853027,55.3380012512207
2012-09-13,5435.35009765625,1769.0999755859375,79.04902648925781,15.670000076293945,55.20800018310547
2012-09-14,5577.64990234375,1769.800048828125,78.306884765625,15.380000114440918,55.417999267578125
2012-09-17,5610.0,1767.699951171875,78.46852111816406,17.780000686645508,54.29800033569336
2012-09-18,5600.0498046875,1768.4000244140625,78.66693878173828,17.829999923706055,54.007999420166016
2012-09-19,,1769.0,78.85064697265625,,54.018001556396484
2012-09-20,5554.25,1767.699951171875,78.89472961425781,18.6200008392334,54.018001556396484
2012-09-21,5691.14990234375,1775.5,79.06376647949219,18.93000030517578,54.257999420166016
2012-09-24,5669.60009765625,1762.0999755859375,79.2400894165039,18.829999923706055,53.358001708984375
2012-09-25,5673.89990234375,1763.800048828125,79.5339584350586,17.110000610351562,53.46799850463867
2012-09-26,5663.4501953125,1750.5999755859375,79.86463165283203,16.969999313354492,53.358001708984375
2012-09-27,5649.5,1777.5999755859375,79.69567108154297,16.90999984741211,53.507999420166016
2012-09-28,5703.2998046875,1771.0999755859375,79.69567108154297,16.15999984741211,53.007999420166016
2012-10-01,5718.7998046875,1780.5,79.84353637695312,16.34000015258789,52.847999572753906
2012-10-02,,1772.699951171875,79.7919921875,,52.39799880981445
2012-10-03,5731.25,1777.300048828125,79.87296295166016,16.5,52.39799880981445
2012-10-04,5787.60009765625,1794.0999755859375,79.5565414428711,16.440000534057617,52.15299987792969
2012-10-05,5746.9501953125,1778.5999755859375,79.19609832763672,16.780000686645508,51.737998962402344
2012-10-08,5676.0,1773.5,79.45357513427734,17.170000076293945,51.90800094604492
2012-10-09,5704.60009765625,1763.0,79.291748046875,16.799999237060547,52.63800048828125
2012-10-10,5652.14990234375,1763.199951171875,79.4830093383789,16.829999923706055,52.71799850463867
2012-10-11,5708.0498046875,1768.800048828125,79.5565414428711,16.489999771118164,53.042999267578125
2012-10-12,5676.0498046875,1758.0,79.56395721435547,16.489999771118164,52.667999267578125
2012-10-15,5687.25,1736.0,79.5860366821289,15.899999618530273,52.803001403808594
2012-10-16,5648.0,1744.699951171875,79.21076202392578,15.569999694824219,53.01300048828125
2012-10-17,5660.25,1751.5,78.71046447753906,15.170000076293945,52.86800003051758
2012-10-18,5718.7001953125,1743.300048828125,78.5706787109375,14.760000228881836,52.86800003051758
2012-10-19,5684.25,1722.800048828125,78.90176391601562,14.539999961853027,53.40800094604492
2012-10-22,5717.14990234375,1725.0999755859375,78.63693237304688,13.039999961853027,53.8380012512207
2012-10-23,5691.39990234375,1708.300048828125,79.01212310791016,13.710000038146973,53.46799850463867
2012-10-24,,1700.5,78.84292602539062,,53.71799850463867
2012-10-25,5705.2998046875,1712.0,78.55598449707031,13.520000457763672,53.733001708984375
2012-10-26,,1710.9000244140625,79.0562973022461,,53.54800033569336
2012-10-29,5665.60009765625,,,15.119999885559082,53.54800033569336
2012-10-30,5597.89990234375,,,15.170000076293945,54.077999114990234
2012-10-31,5619.7001953125,1717.5,79.38001251220703,14.399999618530273,53.95800018310547
2012-11-01,5645.0498046875,1714.0999755859375,79.2215805053711,14.079999923706055,53.87799835205078
2012-11-02,5697.7001953125,1674.0999755859375,79.28788757324219,13.65999984741211,53.65299987792969
2012-11-05,5704.2001953125,1682.199951171875,79.47948455810547,14.630000114440918,53.80799865722656
2012-11-06,5724.39990234375,1714.0999755859375,79.11846160888672,15.210000038146973,54.5880012512207
2012-11-07,5760.10009765625,1713.199951171875,79.78152465820312,14.510000228881836,54.417999267578125
2012-11-08,5738.75,1725.4000244140625,80.13522338867188,14.220000267028809,54.198001861572266
2012-11-09,5686.25,1730.300048828125,80.1425552368164,14.369999885559082,54.358001708984375
2012-11-12,5683.7001953125,1730.300048828125,80.19409942626953,14.859999656677246,54.5880012512207
2012-11-13,,1724.199951171875,80.28987884521484,,54.87799835205078
2012-11-14,,1729.5,80.31200408935547,,54.87799835205078
2012-11-15,5631.0,1713.300048828125,80.27513122558594,15.529999732971191,54.803001403808594
2012-11-16,5574.0498046875,1714.300048828125,80.32669067382812,16.219999313354492,54.698001861572266
2012-11-19,5571.39990234375,1734.0,80.16466522216797,16.68000030517578,55.15800094604492
2012-11-20,5571.5498046875,1723.199951171875,79.8331069946289,15.8100004196167,55.05799865722656
2012-11-21,5614.7998046875,1727.9000244140625,79.71527862548828,15.460000038146973,55.097999572753906
2012-11-22,5627.75,,,14.90999984741211,55.108001708984375
2012-11-23,5626.60009765625,1751.300048828125,79.67103576660156,14.680000305175781,55.20800018310547
2012-11-26,5635.89990234375,1749.5,79.80360412597656,14.670000076293945,55.44300079345703
2012-11-27,5727.4501953125,1742.199951171875,79.98782348632812,13.960000038146973,55.63600158691406
2012-11-28,,1716.5,80.09098815917969,,55.448001861572266
2012-11-29,5825.0,1727.199951171875,80.17201232910156,15.369999885559082,55.702999114990234
2012-11-30,5879.85009765625,1710.9000244140625,80.15727996826172,15.149999618530273,54.8380012512207
2012-12-03,5870.9501953125,1719.5999755859375,80.12555694580078,15.619999885559082,54.257999420166016
2012-12-04,5889.25,1694.4000244140625,80.26571655273438,15.90999984741211,54.768001556396484
2012-12-05,5900.5,1692.4000244140625,80.3321304321289,16.6200008392334,54.67300033569336
2012-12-06,5930.89990234375,1700.300048828125,80.37637329101562,15.239999771118164,54.53799819946289
2012-12-07,5907.39990234375,1704.0,80.14769744873047,14.960000038146973,54.132999420166016
2012-12-10,5908.89990234375,1713.0,80.22149658203125,14.510000228881836,54.3380012512207
2012-12-11,5898.7998046875,1708.199951171875,80.06653594970703,14.670000076293945,54.487998962402344
2012-12-12,5888.0,1716.5999755859375,79.72724914550781,14.510000228881836,54.257999420166016
2012-12-13,5851.5,1695.5999755859375,79.57229614257812,14.710000038146973,54.31800079345703
2012-12-14,5879.60009765625,1695.800048828125,79.74934387207031,14.229999542236328,54.45800018310547
2012-12-17,5857.89990234375,1697.0,79.3288803100586,14.920000076293945,54.4379997253418
2012-12-18,5896.7998046875,1669.5,79.01910400390625,14.4399995803833,54.847999572753906
2012-12-19,5929.60009765625,1666.5,79.12977600097656,14.470000267028809,54.847999572753906
2012-12-20,5916.39990234375,1644.9000244140625,79.18134307861328,14.319999694824219,54.54800033569336
2012-12-21,5847.7001953125,1659.0999755859375,79.39525604248047,14.630000114440918,54.847999572753906
2012-12-24,5855.75,1658.5999755859375,79.31407928466797,14.489999771118164,55.05799865722656
2012-12-25,,,,,54.948001861572266
2012-12-26,5905.60009765625,1659.800048828125,79.47738647460938,14.100000381469727,55.007999420166016
2012-12-27,5870.10009765625,1662.5999755859375,79.63990020751953,13.739999771118164,54.8380012512207
2012-12-28,5908.35009765625,1654.9000244140625,79.82461547851562,13.630000114440918,54.94200134277344
2012-12-31,5905.10009765625,1674.800048828125,79.4034652709961,14.949999809265137,54.75299835205078
2013-01-01,,,,13.6899995803833,54.99300003051758
2013-01-02,5993.25,1687.9000244140625,79.04151916503906,13.710000038146973,54.678001403808594
2013-01-03,6009.5,1673.699951171875,78.63525390625,13.470000267028809,54.347999572753906
2013-01-04,6016.14990234375,1648.0999755859375,78.67219543457031,13.369999885559082,54.49800109863281
2013-01-07,5988.39990234375,1645.5,78.71650695800781,13.920000076293945,54.880001068115234
2013-01-08,6001.7001953125,1661.5,78.90858459472656,13.270000457763672,55.21799850463867
2013-01-09,5971.5,1654.800048828125,78.95291137695312,13.319999694824219,54.987998962402344
2013-01-10,5968.64990234375,1677.300048828125,78.72390747070312,13.270000457763672,54.74800109863281
2013-01-11,5951.2998046875,1660.0,78.9750747680664,13.229999542236328,54.55799865722656
2013-01-14,6024.0498046875,1668.9000244140625,78.94552612304688,13.699999809265137,54.86800003051758
2013-01-15,6056.60009765625,1683.4000244140625,79.13756561279297,13.579999923706055,54.49300003051758
2013-01-16,6001.85009765625,1682.699951171875,79.24105834960938,13.989999771118164,54.612998962402344
2013-01-17,6039.2001953125,1690.4000244140625,78.8790054321289,14.010000228881836,54.6879997253418
2013-01-18,6064.39990234375,1686.5999755859375,79.10070037841797,13.890000343322754,54.347999572753906
2013-01-21,6082.2998046875,,,13.65999984741211,53.737998962402344
2013-01-22,6048.5,1692.800048828125,79.16710662841797,13.890000343322754,53.768001556396484
2013-01-23,6054.2998046875,1686.300048828125,79.20409393310547,13.670000076293945,53.80799865722656
2013-01-24,6019.35009765625,1669.5,79.07106018066406,14.460000038146973,53.667999267578125
2013-01-25,6074.64990234375,1656.4000244140625,78.54662322998047,14.770000457763672,53.678001403808594
2013-01-28,6074.7998046875,1652.4000244140625,78.38407897949219,15.170000076293945,53.792999267578125
2013-01-29,6049.89990234375,1660.699951171875,78.26593017578125,14.470000267028809,53.90800094604492
2013-01-30,6055.75,1679.9000244140625,78.31022644042969,14.380000114440918,53.757999420166016
2013-01-31,6034.75,1660.5999755859375,78.3766860961914,14.130000114440918,53.303001403808594
2013-02-01,5998.89990234375,1669.4000244140625,78.11042785644531,13.760000228881836,53.2130012512207
2013-02-04,5987.25,1675.300048828125,78.56161499023438,14.34000015258789,53.16299819946289
2013-02-05,5956.89990234375,1672.4000244140625,78.28057098388672,14.609999656677246,53.28300094604492
2013-02-06,5959.2001953125,1677.699951171875,78.51722717285156,14.260000228881836,53.132999420166016
2013-02-07,5938.7998046875,1670.4000244140625,78.55424499511719,14.890000343322754,53.15299987792969
2013-02-08,5903.5,1666.0,78.6133804321289,15.15999984741211,53.21799850463867
2013-02-11,5897.85009765625,1648.199951171875,78.53199005126953,15.649999618530273,53.5880012512207
2013-02-12,5922.5,1648.699951171875,78.45062255859375,15.3100004196167,53.95800018310547
2013-02-13,5932.9501953125,1644.199951171875,78.17700958251953,15.140000343322754,53.847999572753906
2013-02-14,5896.9501953125,1634.699951171875,78.50981903076172,15.09000015258789,53.81800079345703
2013-02-15,5887.39990234375,1608.800048828125,78.43588256835938,15.239999771118164,53.917999267578125
2013-02-18,5898.2001953125,,,16.290000915527344,54.31800079345703
2013-02-19,5939.7001953125,1603.5999755859375,78.31014251708984,15.8100004196167,54.178001403808594
2013-02-20,5943.0498046875,1577.5999755859375,78.4802474975586,15.600000381469727,54.16299819946289
2013-02-21,5852.25,1578.199951171875,78.63561248779297,16.940000534057617,54.06800079345703
2013-02-22,5850.2998046875,1572.4000244140625,78.73173522949219,16.790000915527344,54.46799850463867
2013-02-25,5854.75,1586.199951171875,79.33830261230469,16.729999542236328,54.27299880981445
2013-02-26,5761.35009765625,1615.199951171875,79.19034576416016,17.360000610351562,53.862998962402344
2013-02-27,5796.89990234375,1595.199951171875,79.1534194946289,16.229999542236328,54.0880012512207
2013-02-28,5693.0498046875,1577.699951171875,79.26432037353516,14.859999656677246,53.858001708984375
2013-03-01,5719.7001953125,1571.9000244140625,79.46202087402344,14.0600004196167,54.362998962402344
2013-03-04,5698.5,1572.0999755859375,79.27690124511719,13.670000076293945,54.89799880981445
2013-03-05,5784.25,1574.5999755859375,79.1954574584961,13.390000343322754,54.858001708984375
2013-03-06,5818.60009765625,1574.5999755859375,78.94367218017578,13.399999618530273,54.917999267578125
2013-03-07,5863.2998046875,1574.800048828125,78.64005279541016,13.069999694824219,54.7130012512207
2013-03-08,5945.7001953125,1576.5999755859375,78.24018096923828,13.34000015258789,54.55799865722656
2013-03-11,5942.35009765625,1577.800048828125,78.27716827392578,14.25,54.34299850463867
2013-03-12,5914.10009765625,1591.5,78.49195861816406,15.130000114440918,54.40800094604492
2013-03-13,5851.2001953125,1588.300048828125,78.42526245117188,16.200000762939453,54.141998291015625
2013-03-14,5908.9501953125,1590.5999755859375,78.44746398925781,14.65999984741211,54.362998962402344
2013-03-15,5872.60009765625,1592.5,78.72148132324219,15.15999984741211,54.35300064086914
2013-03-18,5835.25,1604.5999755859375,78.98069763183594,15.850000381469727,54.02299880981445
2013-03-19,5745.9501953125,1611.300048828125,79.22509002685547,16.709999084472656,54.073001861572266
2013-03-20,5694.39990234375,1607.5,78.92147064208984,16.65999984741211,54.36800003051758
2013-03-21,5658.75,1613.800048828125,79.12879180908203,16.510000228881836,54.349998474121094
2013-03-22,5651.35009765625,1606.199951171875,79.1584243774414,15.539999961853027,54.27799987792969
2013-03-25,5633.85009765625,1604.5999755859375,79.21766662597656,16.360000610351562,54.34299850463867
2013-03-26,5641.60009765625,1595.800048828125,79.2991943359375,15.800000190734863,54.167999267578125
2013-03-27,,1606.199951171875,79.63977813720703,,54.362998962402344
2013-03-28,5682.5498046875,1594.800048828125,79.49166107177734,15.220000267028809,54.38800048828125
2013-03-29,,,,,54.38800048828125
2013-04-01,5704.39990234375,1600.0,79.70304107666016,14.850000381469727,54.27799987792969
2013-04-02,5748.10009765625,1575.0999755859375,79.5472640991211,14.100000381469727,54.25
2013-04-03,5672.89990234375,1552.800048828125,79.8810043334961,14.869999885559082,54.42300033569336
2013-04-04,5574.75,1551.800048828125,80.1998519897461,15.850000381469727,54.428001403808594
2013-04-05,5553.25,1575.4000244140625,80.45193481445312,16.15999984741211,54.882999420166016
2013-04-08,5542.9501953125,1572.0,80.19242095947266,16.770000457763672,54.803001403808594
2013-04-09,5495.10009765625,1586.199951171875,80.2220687866211,16.81999969482422,54.55799865722656
2013-04-10,5558.7001953125,1558.300048828125,79.88841247558594,16.489999771118164,54.577999114990234
2013-04-11,5594.0,1564.300048828125,79.97740173339844,16.969999313354492,54.51300048828125
2013-04-12,5528.5498046875,1501.0,80.42230224609375,16.450000762939453,54.29800033569336
2013-04-15,5568.39990234375,1360.5999755859375,80.60027313232422,16.610000610351562,54.51300048828125
2013-04-16,5688.9501953125,1386.800048828125,80.37043762207031,16.25,54.542999267578125
2013-04-17,5688.7001953125,1382.199951171875,80.51874542236328,16.360000610351562,54.14799880981445
2013-04-18,5783.10009765625,1392.0,80.56327056884766,15.359999656677246,54.20800018310547
2013-04-19,,1395.300048828125,80.51874542236328,,54.02299880981445
2013-04-22,5834.39990234375,1421.0,80.56327056884766,16.219999313354492,53.93299865722656
2013-04-23,5836.89990234375,1408.5999755859375,80.51138305664062,15.069999694824219,54.13800048828125
2013-04-24,,1423.4000244140625,80.54837799072266,,54.37799835205078
2013-04-25,5916.2998046875,1461.800048828125,80.45941925048828,14.199999809265137,54.27299880981445
2013-04-26,5871.4501953125,1453.5999755859375,80.74862670898438,13.880000114440918,54.21799850463867
2013-04-29,5904.10009765625,1467.4000244140625,80.71895599365234,14.329999923706055,54.37300109863281
2013-04-30,5930.2001953125,1472.199951171875,80.70414733886719,15.100000381469727,54.22800064086914
2013-05-01,,1446.300048828125,80.96773529052734,,53.79800033569336
2013-05-02,5999.35009765625,1467.699951171875,80.96773529052734,16.280000686645508,53.65800094604492
2013-05-03,5944.0,1464.300048828125,80.2772216796875,15.550000190734863,53.80799865722656
2013-05-06,5971.0498046875,1468.0999755859375,80.17327880859375,15.84000015258789,53.779998779296875
2013-05-07,6043.5498046875,1449.0,80.06188201904297,16.5,54.17300033569336
2013-05-08,6069.2998046875,1473.9000244140625,80.15836334228516,16.760000228881836,54.12799835205078
2013-05-09,6050.14990234375,1468.800048828125,80.14359283447266,16.600000381469727,54.15800094604492
2013-05-10,6094.75,1436.800048828125,79.69068908691406,16.860000610351562,54.24800109863281
2013-05-13,5980.4501953125,1434.5,79.54960632324219,17.510000228881836,54.803001403808594
2013-05-14,5995.39990234375,1424.699951171875,79.23030853271484,17.170000076293945,54.827999114990234
2013-05-15,6146.75,1396.5,79.4382095336914,18.1299991607666,54.79800033569336
2013-05-16,6169.89990234375,1387.0999755859375,79.81686401367188,17.739999771118164,54.77799987792969
2013-05-17,6187.2998046875,1364.9000244140625,79.38629150390625,17.56999969482422,54.77799987792969
2013-05-20,6156.89990234375,1384.300048828125,79.32685852050781,17.709999084472656,54.88800048828125
2013-05-21,6114.10009765625,1377.800048828125,79.53469848632812,17.8799991607666,55.108001708984375
2013-05-22,6094.5,1367.5999755859375,78.90362548828125,17.719999313354492,55.40800094604492
2013-05-23,5967.0498046875,1392.0,78.98528289794922,18.729999542236328,55.65299987792969
2013-05-24,5983.5498046875,1386.800048828125,79.01497650146484,17.700000762939453,55.70800018310547
2013-05-27,6083.14990234375,,,17.030000686645508,55.8129997253418
2013-05-28,6111.25,1379.0999755859375,78.08688354492188,17.1200008392334,55.564998626708984
2013-05-29,6104.2998046875,1391.300048828125,78.40616607666016,17.860000610351562,56.108001708984375
2013-05-30,6124.0498046875,1411.5,78.41358184814453,16.040000915527344,56.29800033569336
2013-05-31,5985.9501953125,1392.5999755859375,78.1982650756836,16.989999771118164,56.37799835205078
2013-06-03,5939.2998046875,1411.699951171875,78.31127166748047,17.290000915527344,56.573001861572266
2013-06-04,5919.4501953125,1397.0999755859375,78.11052703857422,17.260000228881836,56.667999267578125
2013-06-05,5923.85009765625,1398.4000244140625,78.48966217041016,16.780000686645508,56.4379997253418
2013-06-06,5921.39990234375,1415.699951171875,78.58638000488281,17.350000381469727,56.722999572753906
2013-06-07,5881.0,1383.0,77.97666931152344,17.350000381469727,56.8380012512207
2013-06-10,5878.0,1386.199951171875,77.78340148925781,18.110000610351562,56.8380012512207
2013-06-11,5788.7998046875,1377.0,77.97666931152344,19.489999771118164,56.8380012512207
2013-06-12,5760.2001953125,1391.800048828125,77.62726593017578,18.850000381469727,56.8380012512207
2013-06-13,5699.10009765625,1377.5999755859375,78.2146224975586,19.440000534057617,57.827999114990234
2013-06-14,5808.39990234375,1387.300048828125,78.31868743896484,18.350000381469727,57.99800109863281
2013-06-17,5850.0498046875,1382.800048828125,78.13282775878906,18.18000030517578,57.49800109863281
2013-06-18,5813.60009765625,1366.5999755859375,78.08819580078125,18.290000915527344,58.10300064086914
2013-06-19,5822.25,1373.5999755859375,77.01756286621094,18.459999084472656,58.8380012512207
2013-06-20,5655.89990234375,1285.9000244140625,76.66814422607422,19.190000534057617,58.7130012512207
2013-06-21,5667.64990234375,1291.5999755859375,75.85778045654297,19.030000686645508,59.56800079345703
2013-06-24,5590.25,1276.800048828125,75.671875,21.010000228881836,59.268001556396484
2013-06-25,5609.10009765625,1274.800048828125,75.58269500732422,21.139999389648438,59.80799865722656
2013-06-26,5588.7001953125,1229.5999755859375,75.88750457763672,21.06999969482422,59.65800094604492
2013-06-27,5682.35009765625,1211.4000244140625,76.2964096069336,18.850000381469727,60.7130012512207
2013-06-28,5842.2001953125,1223.800048828125,76.2071533203125,17.950000762939453,60.1879997253418
2013-07-01,5898.85009765625,1255.9000244140625,76.23624420166016,18.09000015258789,59.5260009765625
2013-07-02,5857.5498046875,1243.5999755859375,76.26602172851562,18.209999084472656,59.37799835205078
2013-07-03,5770.89990234375,1252.0999755859375,76.11709594726562,18.90999984741211,59.54800033569336
2013-07-04,5836.9501953125,,,18.579999923706055,60.21900177001953
2013-07-05,5867.89990234375,1212.9000244140625,74.83660125732422,18.670000076293945,60.17499923706055
2013-07-08,5811.5498046875,1234.9000244140625,75.27581787109375,19.34000015258789,60.222999572753906
2013-07-09,5859.0,1245.9000244140625,75.40240478515625,19.31999969482422,60.6879997253418
2013-07-10,5816.7001953125,1247.4000244140625,75.13441467285156,19.979999542236328,60.095001220703125
2013-07-11,5935.10009765625,1280.0999755859375,75.88633728027344,18.889999389648438,59.88800048828125
2013-07-12,6009.0,1277.800048828125,75.82678985595703,18.690000534057617,59.82699966430664
2013-07-15,6030.7998046875,1283.800048828125,76.06500244140625,18.790000915527344,59.88399887084961
2013-07-16,5955.25,1290.800048828125,76.10224914550781,18.989999771118164,59.80799865722656
2013-07-17,5973.2998046875,1277.9000244140625,76.43724060058594,19.360000610351562,59.292999267578125
2013-07-18,6038.0498046875,1284.5999755859375,76.07989501953125,18.270000457763672,59.323001861572266
2013-07-19,6029.2001953125,1293.300048828125,76.49678802490234,18.1299991607666,59.737998962402344
2013-07-22,6031.7998046875,1336.4000244140625,76.48936462402344,17.6299991607666,59.33300018310547
2013-07-23,6077.7998046875,1335.0999755859375,76.40001678466797,16.719999313354492,59.71799850463867
2013-07-24,5990.5,1319.699951171875,75.88633728027344,16.90999984741211,59.757999420166016
2013-07-25,5907.5,1329.0,75.99798583984375,16.719999313354492,59.12699890136719
2013-07-26,5886.2001953125,1321.699951171875,76.06500244140625,16.780000686645508,58.95800018310547
2013-07-29,5831.64990234375,1328.4000244140625,75.9086685180664,18.25,59.060001373291016
2013-07-30,5755.0498046875,1324.0,75.88633728027344,18.1200008392334,59.4119987487793
2013-07-31,5742.0,1312.4000244140625,75.93840026855469,18.770000457763672,60.80799865722656
2013-08-01,5727.85009765625,1311.0,75.26824188232422,19.809999465942383,60.630001068115234
2013-08-02,5677.89990234375,1310.5999755859375,75.90940856933594,20.889999389648438,60.43299865722656
2013-08-05,5685.39990234375,1302.5999755859375,75.6707992553711,20.799999237060547,61.097999572753906
2013-08-06,5542.25,1283.199951171875,75.69313049316406,22.729999542236328,60.87699890136719
2013-08-07,5519.10009765625,1286.0999755859375,75.96900939941406,22.040000915527344,60.78300094604492
2013-08-08,5565.64990234375,1310.699951171875,76.0809097290039,21.190000534057617,61.202999114990234
2013-08-09,,1312.9000244140625,76.13307189941406,,60.7239990234375
2013-08-12,5612.39990234375,1334.699951171875,75.9839096069336,21.280000686645508,60.672000885009766
2013-08-13,5699.2998046875,1321.199951171875,75.29803466796875,19.260000228881836,61.369998931884766
2013-08-14,5742.2998046875,1334.0,75.36514282226562,18.700000762939453,61.45000076293945
2013-08-15,,1361.5999755859375,74.94764709472656,,61.290000915527344
2013-08-16,5507.85009765625,1371.699951171875,74.65687561035156,23.639999389648438,61.2599983215332
2013-08-19,5414.75,1366.199951171875,74.33634185791016,25.59000015258789,62.4900016784668
2013-08-20,5401.4501953125,1373.0999755859375,74.73886108398438,27.229999542236328,63.849998474121094
2013-08-21,5302.5498046875,1370.5999755859375,74.26923370361328,28.09000015258789,63.36000061035156
2013-08-22,5408.4501953125,1371.199951171875,74.23936462402344,29.059999465942383,64.69000244140625
2013-08-23,5471.75,1395.699951171875,74.65687561035156,25.75,64.41000366210938
2013-08-26,5476.5,1393.0,74.80598449707031,26.3799991607666,64.06999969482422
2013-08-27,5287.4501953125,1420.5999755859375,75.23096466064453,29.420000076293945,64.29299926757812
2013-08-28,5285.0,1419.0,74.92528533935547,32.380001068115234,66.86000061035156
2013-08-29,5409.0498046875,1412.9000244140625,74.99984741210938,29.40999984741211,67.3499984741211
2013-08-30,5471.7998046875,1396.0999755859375,74.85821533203125,27.809999465942383,67.38999938964844
2013-09-02,5550.75,,,27.549999237060547,66.58999633789062
2013-09-03,5341.4501953125,1412.0,74.43328857421875,32.4900016784668,66.51000213623047
2013-09-04,5448.10009765625,1389.9000244140625,74.18698120117188,31.110000610351562,68.61000061035156
2013-09-05,5592.9501953125,1373.0999755859375,73.6194839477539,28.530000686645508,66.2699966430664
2013-09-06,5680.39990234375,1386.699951171875,74.06745147705078,28.649999618530273,66.00800323486328
2013-09-09,,1386.800048828125,74.216796875,,65.23799896240234
2013-09-10,5896.75,1364.0999755859375,73.87332916259766,29.440000534057617,64.05999755859375
2013-09-11,5913.14990234375,1363.9000244140625,74.2466812133789,29.75,63.619998931884766
2013-09-12,5850.7001953125,1330.4000244140625,74.25413513183594,29.709999084472656,63.15999984741211
2013-09-13,5850.60009765625,1308.4000244140625,74.35116577148438,28.290000915527344,63.619998931884766
2013-09-16,5840.5498046875,1317.9000244140625,74.51545715332031,28.81999969482422,63.290000915527344
2013-09-17,5850.2001953125,1309.5,74.66480255126953,27.93000030517578,63.290000915527344
2013-09-18,5899.4501953125,1307.800048828125,75.59060668945312,27.690000534057617,63.18000030517578
2013-09-19,6115.5498046875,1369.4000244140625,75.32930755615234,24.5,63.58000183105469
2013-09-20,6012.10009765625,1332.5,75.40396118164062,24.729999542236328,62.189998626708984
2013-09-23,5889.75,1326.9000244140625,75.687744140625,27.020000457763672,62.720001220703125
2013-09-24,5892.4501953125,1316.0,75.96392059326172,26.719999313354492,62.68000030517578
2013-09-25,5873.85009765625,1335.9000244140625,76.17301177978516,25.68000030517578,62.720001220703125
2013-09-26,5882.25,1323.5999755859375,76.00877380371094,24.0,62.43000030517578
2013-09-27,5833.2001953125,1338.4000244140625,76.1133041381836,24.059999465942383,61.72999954223633
2013-09-30,5735.2998046875,1326.5,76.240234375,26.649999618530273,62.90999984741211
2013-10-01,5780.0498046875,1286.0,76.07049560546875,25.770000457763672,62.58000183105469
2013-10-02,,1320.5999755859375,76.19763946533203,,62.61000061035156
2013-10-03,5909.7001953125,1317.4000244140625,76.30228424072266,25.170000076293945,62.06999969482422
2013-10-04,5907.2998046875,1309.699951171875,76.0929183959961,26.1299991607666,61.959999084472656
2013-10-07,5906.14990234375,1324.800048828125,76.16023254394531,26.829999923706055,61.380001068115234
2013-10-08,5928.39990234375,1324.199951171875,76.12283325195312,26.549999237060547,
2013-10-09,6007.4501953125,1306.9000244140625,75.9882583618164,25.8700008392334,62.029998779296875
2013-10-10,6020.9501953125,1296.5999755859375,75.82367706298828,25.8799991607666,61.810001373291016
2013-10-11,6096.2001953125,1268.0,75.93589782714844,23.59000015258789,61.61000061035156
2013-10-14,6112.7001953125,1276.4000244140625,75.68162536621094,22.850000381469727,60.9900016784668
2013-10-15,6089.0498046875,1273.0,75.69658660888672,23.239999771118164,61.380001068115234
2013-10-16,,1282.0,76.06303405761719,,61.83000183105469
2013-10-17,6045.85009765625,1322.699951171875,76.4967269897461,21.059999465942383,61.45000076293945
2013-10-18,6189.35009765625,1314.4000244140625,76.50418853759766,20.1200008392334,61.099998474121094
2013-10-21,6204.9501953125,1315.699951171875,76.45185852050781,20.18000030517578,61.2400016784668
2013-10-22,6202.7998046875,1342.5,76.98274993896484,19.959999084472656,60.619998931884766
2013-10-23,6178.35009765625,1333.9000244140625,77.11738586425781,20.350000381469727,61.189998626708984
2013-10-24,6164.35009765625,1350.199951171875,76.96029663085938,20.639999389648438,61.52000045776367
2013-10-25,6144.89990234375,1352.4000244140625,77.0949478149414,20.420000076293945,61.45000076293945
2013-10-28,6101.10009765625,1352.0,77.02009582519531,21.290000915527344,61.439998626708984
2013-10-29,6220.89990234375,1345.199951171875,77.12483215332031,19.760000228881836,61.5099983215332
2013-10-30,6251.7001953125,1349.0,76.92292785644531,19.530000686645508,61.45000076293945
2013-10-31,6299.14990234375,1323.5999755859375,76.8331527709961,18.389999389648438,61.31999969482422
2013-11-01,6307.2001953125,1313.0999755859375,76.40705108642578,18.639999389648438,62.220001220703125
2013-11-04,,1314.5999755859375,76.55681610107422,,62.20000076293945
2013-11-05,6253.14990234375,1308.0,76.21233367919922,19.940000534057617,61.97999954223633
2013-11-06,6215.14990234375,1317.699951171875,76.44451141357422,20.25,62.15999984741211
2013-11-07,6187.25,1308.4000244140625,76.64671325683594,19.8700008392334,62.470001220703125
2013-11-08,6140.75,1284.5,75.78543853759766,19.639999389648438,62.849998474121094
2013-11-11,6078.7998046875,1281.0,75.74800109863281,19.979999542236328,63.34000015258789
2013-11-12,6018.0498046875,1271.0999755859375,75.68058776855469,20.860000610351562,63.47999954223633
2013-11-13,5989.60009765625,1268.300048828125,75.99512481689453,20.450000762939453,63.959999084472656
2013-11-14,6056.14990234375,1286.199951171875,76.36207580566406,19.260000228881836,63.369998931884766
2013-11-15,,1287.300048828125,76.30219268798828,,63.040000915527344
2013-11-18,6189.0,1272.199951171875,76.57183837890625,18.81999969482422,62.709999084472656
2013-11-19,6203.35009765625,1273.4000244140625,76.28726196289062,19.299999237060547,62.20000076293945
2013-11-20,6122.89990234375,1257.9000244140625,75.86781311035156,20.829999923706055,62.11000061035156
2013-11-21,5999.0498046875,1243.5,75.93524169921875,21.139999389648438,62.7599983215332
2013-11-22,5995.4501953125,1244.0,76.15238952636719,20.040000915527344,62.9900016784668
2013-11-25,6115.35009765625,1241.0999755859375,76.21233367919922,21.049999237060547,62.2400016784668
2013-11-26,6059.10009765625,1241.4000244140625,76.37711334228516,21.59000015258789,62.50299835205078
2013-11-27,6057.10009765625,1237.800048828125,76.20484924316406,21.139999389648438,62.459999084472656
2013-11-28,6091.85009765625,,,20.709999084472656,62.540000915527344
2013-11-29,6176.10009765625,1250.5999755859375,76.15990447998047,21.3799991607666,62.41299819946289
2013-12-02,6217.85009765625,1222.300048828125,75.83285522460938,23.360000610351562,62.459999084472656
2013-12-03,6201.85009765625,1221.699951171875,75.96788024902344,24.719999313354492,62.31800079345703
2013-12-04,6160.9501953125,1248.199951171875,75.62279510498047,23.709999084472656,62.362998962402344
2013-12-05,6241.10009765625,1233.199951171875,75.43524169921875,21.68000030517578,61.70000076293945
2013-12-06,6259.89990234375,1230.300048828125,75.50276947021484,22.209999084472656,61.58000183105469
2013-12-09,6363.89990234375,1235.300048828125,75.59283447265625,19.15999984741211,61.150001525878906
2013-12-10,6332.85009765625,1262.4000244140625,75.9078598022461,17.979999542236328,60.869998931884766
2013-12-11,6307.89990234375,1258.5,75.61531066894531,17.540000915527344,60.97999954223633
2013-12-12,6237.0498046875,1226.0,75.39774322509766,17.739999771118164,61.59000015258789
2013-12-13,6168.39990234375,1235.699951171875,75.51025390625,17.84000015258789,62.15999984741211
2013-12-16,6154.7001953125,1245.5,75.4727783203125,18.360000610351562,62.1879997253418
2013-12-17,6139.0498046875,1231.199951171875,75.71285247802734,18.329999923706055,61.779998779296875
2013-12-18,6217.14990234375,1236.0999755859375,75.4277572631836,17.540000915527344,61.709999084472656
2013-12-19,6166.64990234375,1195.0,75.11268615722656,16.579999923706055,62.029998779296875
2013-12-20,6274.25,1205.0999755859375,75.34524536132812,16.020000457763672,62.459999084472656
2013-12-23,6284.5,1198.4000244140625,75.10519409179688,16.260000228881836,62.02000045776367
2013-12-24,6268.39990234375,1205.0999755859375,74.8126220703125,15.579999923706055,61.84000015258789
2013-12-25,,,,,61.74800109863281
2013-12-26,6278.89990234375,1214.0999755859375,74.74805450439453,14.880000114440918,61.790000915527344
2013-12-27,6313.7998046875,1216.0999755859375,74.70291137695312,14.65999984741211,61.88999938964844
2013-12-30,6291.10009765625,1203.0999755859375,74.90577697753906,15.079999923706055,61.66999816894531
2013-12-31,6304.0,1201.9000244140625,74.56769561767578,15.119999885559082,61.779998779296875
2014-01-01,,,,15.579999923706055,61.803001403808594
2014-01-02,6221.14990234375,1225.0,74.8607406616211,16.549999237060547,61.84000015258789
2014-01-03,6211.14990234375,1238.4000244140625,74.8156509399414,15.869999885559082,62.060001373291016
2014-01-06,6191.4501953125,1237.800048828125,75.02605438232422,16.5,62.22999954223633
2014-01-07,6162.25,1229.4000244140625,75.14627075195312,16.31999969482422,62.310001373291016
2014-01-08,6174.60009765625,1225.300048828125,74.7780532836914,16.31999969482422,62.08000183105469
2014-01-09,6168.35009765625,1229.300048828125,74.97343444824219,16.18000030517578,62.119998931884766
2014-01-10,6171.4501953125,1246.699951171875,75.6045913696289,15.579999923706055,61.779998779296875
2014-01-13,6272.75,1250.9000244140625,75.82256317138672,15.949999809265137,61.439998626708984
2014-01-14,6241.85009765625,1245.199951171875,75.53694152832031,15.739999771118164,61.470001220703125
2014-01-15,6320.89990234375,1238.0999755859375,75.46937561035156,15.420000076293945,61.470001220703125
2014-01-16,6318.89990234375,1240.0,75.67974853515625,15.539999961853027,61.540000915527344
2014-01-17,6261.64990234375,1251.699951171875,75.86003112792969,15.40999984741211,61.41999816894531
2014-01-20,6303.9501953125,,,15.350000381469727,61.54999923706055
2014-01-21,6313.7998046875,1242.300048828125,75.77740478515625,15.550000190734863,61.61800003051758
2014-01-22,6338.9501953125,1239.0,75.56703186035156,15.850000381469727,61.970001220703125
2014-01-23,6345.64990234375,1262.5999755859375,76.0779800415039,15.579999923706055,61.869998931884766
2014-01-24,6266.75,1264.5,76.3859634399414,15.829999923706055,62.130001068115234
2014-01-27,6135.85009765625,1263.5999755859375,76.15311431884766,18.670000076293945,62.72999954223633
2014-01-28,6126.25,1251.0,76.2657699584961,17.719999313354492,63.380001068115234
2014-01-29,6120.25,1262.199951171875,76.62648010253906,18.040000915527344,62.380001068115234
2014-01-30,6073.7001953125,1242.199951171875,76.55136108398438,17.25,62.46799850463867
2014-01-31,6089.5,1240.0999755859375,76.85189819335938,16.81999969482422,62.310001373291016
2014-02-03,6001.7998046875,1260.4000244140625,77.26959991455078,18.270000457763672,62.5
2014-02-04,6000.89990234375,1251.699951171875,77.03630065917969,18.690000534057617,62.869998931884766
2014-02-05,6022.39990234375,1257.300048828125,76.75782012939453,18.93000030517578,62.130001068115234
2014-02-06,6036.2998046875,1257.5999755859375,76.61483001708984,18.940000534057617,62.22999954223633
2014-02-07,6063.2001953125,1263.300048828125,76.81802368164062,18.549999237060547,62.22999954223633
2014-02-10,6053.4501953125,1274.800048828125,76.85569763183594,19.049999237060547,62.09000015258789
2014-02-11,6062.7001953125,1290.0999755859375,76.5169448852539,18.6299991607666,62.448001861572266
2014-02-12,6084.0,1295.300048828125,76.33631896972656,17.43000030517578,62.029998779296875
2014-02-13,6001.10009765625,1300.4000244140625,76.69761657714844,17.799999237060547,61.68000030517578
2014-02-14,6048.35009765625,1319.0,76.6449203491211,16.65999984741211,62.150001525878906
2014-02-17,,,,15.829999923706055,61.83000183105469
2014-02-18,6127.10009765625,1324.699951171875,76.83308410644531,15.40999984741211,61.790000915527344
2014-02-19,6152.75,1320.5999755859375,76.68252563476562,15.069999694824219,62.209999084472656
2014-02-20,6091.4501953125,1317.0999755859375,76.59977722167969,15.15999984741211,62.2599983215332
2014-02-21,6155.4501953125,1323.9000244140625,76.69761657714844,14.039999961853027,62.130001068115234
2014-02-24,6186.10009765625,1338.300048828125,76.6223373413086,14.359999656677246,62.0099983215332
2014-02-25,6200.0498046875,1343.0,76.88574981689453,13.949999809265137,62.06800079345703
2014-02-26,6238.7998046875,1328.199951171875,77.11151123046875,13.960000038146973,61.97800064086914
2014-02-27,,1331.5999755859375,77.20187377929688,,62.150001525878906
2014-02-28,6276.9501953125,1321.4000244140625,77.12664794921875,14.180000305175781,62.02000045776367
2014-03-03,6221.4501953125,1350.0999755859375,77.50812530517578,15.279999732971191,61.81999969482422
2014-03-04,6297.9501953125,1337.800048828125,76.91253662109375,14.390000343322754,62.16999816894531
2014-03-05,6328.64990234375,1340.199951171875,76.99545288085938,13.84000015258789,61.599998474121094
2014-03-06,6401.14990234375,1351.699951171875,76.66373443603516,14.479999542236328,61.74800109863281
2014-03-07,6526.64990234375,1338.0999755859375,76.33201599121094,16.719999313354492,60.79999923706055
2014-03-10,6537.25,1341.4000244140625,76.41495513916016,17.780000686645508,61.22999954223633
2014-03-11,6511.89990234375,1346.5,76.4903335571289,17.329999923706055,60.810001373291016
2014-03-12,6516.89990234375,1370.300048828125,76.79190826416016,17.040000915527344,61.040000915527344
2014-03-13,6493.10009765625,1372.199951171875,77.24423217773438,16.81999969482422,60.77000045776367
2014-03-14,6504.2001953125,1379.0,77.25177764892578,16.450000762939453,61.459999084472656
2014-03-17,,1372.9000244140625,76.94266510009766,,60.97999954223633
2014-03-18,6516.64990234375,1359.0,77.13115692138672,17.1299991607666,61.040000915527344
2014-03-19,6524.0498046875,1341.4000244140625,76.41495513916016,16.8799991607666,61.108001708984375
2014-03-20,6483.10009765625,1330.5,76.43003845214844,16.90999984741211,60.95000076293945
2014-03-21,6493.2001953125,1336.0,76.5732650756836,16.18000030517578,61.33300018310547
2014-03-24,6583.5,1311.199951171875,76.60338592529297,16.540000915527344,61.02000045776367
2014-03-25,6589.75,1311.4000244140625,76.55821228027344,16.920000076293945,60.59000015258789
2014-03-26,6601.39990234375,1303.4000244140625,76.88238525390625,17.770000457763672,60.220001220703125
2014-03-27,6641.75,1294.699951171875,76.95773315429688,18.3700008392334,60.15999984741211
2014-03-28,6695.89990234375,1293.800048828125,76.68633270263672,18.6299991607666,60.237998962402344
2014-03-31,6704.2001953125,1283.4000244140625,76.69389343261719,21.6200008392334,59.84000015258789
2014-04-01,6721.0498046875,1279.5999755859375,76.53529357910156,20.690000534057617,59.9900016784668
2014-04-02,6752.5498046875,1290.5,76.20294952392578,21.209999084472656,59.779998779296875
2014-04-03,6736.10009765625,1284.4000244140625,76.25580596923828,22.110000610351562,59.89799880981445
2014-04-04,6694.35009765625,1303.199951171875,76.72409057617188,22.690000534057617,60.38999938964844
2014-04-07,6695.0498046875,1298.0,76.90536499023438,24.950000762939453,59.66999816894531
2014-04-08,,1308.699951171875,77.01113891601562,,60.119998931884766
2014-04-09,6796.2001953125,1305.5,76.98847961425781,26.90999984741211,60.09000015258789
2014-04-10,6796.39990234375,1320.0999755859375,77.31326293945312,28.719999313354492,59.959999084472656
2014-04-11,6776.2998046875,1318.699951171875,77.47183227539062,29.190000534057617,60.29999923706055
2014-04-14,,1327.199951171875,77.3509521484375,,60.34000015258789
2014-04-15,6733.10009765625,1300.0,77.4416275024414,31.8799991607666,60.34000015258789
2014-04-16,6675.2998046875,1303.0999755859375,77.32073974609375,31.15999984741211,60.29999923706055
2014-04-17,6779.39990234375,1293.4000244140625,76.88272857666016,30.850000381469727,60.25
2014-04-18,,,,,60.290000915527344
2014-04-21,6817.64990234375,1288.0,76.8675765991211,34.38999938964844,60.150001525878906
2014-04-22,6815.35009765625,1280.5999755859375,76.83739471435547,33.349998474121094,60.47999954223633
2014-04-23,6840.7998046875,1284.199951171875,77.03379821777344,31.1299991607666,60.757999420166016
2014-04-24,,1290.5,77.01113891601562,,61.0099983215332
2014-04-25,6782.75,1300.699951171875,77.11689758300781,30.68000030517578,61.119998931884766
2014-04-28,6761.25,1298.9000244140625,77.0035400390625,31.389999389648438,60.63800048828125
2014-04-29,6715.25,1296.0,77.0715560913086,31.049999237060547,60.643001556396484
2014-04-30,6696.39990234375,1295.5999755859375,77.27546691894531,30.59000015258789,60.417999267578125
2014-05-01,,1283.0999755859375,77.4979019165039,,60.119998931884766
2014-05-02,6694.7998046875,1302.5999755859375,77.61146545410156,33.060001373291016,60.13999938964844
2014-05-05,6699.35009765625,1309.0,77.56607055664062,34.189998626708984,60.02000045776367
2014-05-06,6715.2998046875,1308.300048828125,77.65692901611328,33.27000045776367,60.11000061035156
2014-05-07,6652.5498046875,1288.5999755859375,77.71737670898438,33.61000061035156,59.97800064086914
2014-05-08,6659.85009765625,1287.4000244140625,77.80066680908203,34.29999923706055,59.88999938964844
2014-05-09,6858.7998046875,1287.300048828125,77.74006652832031,37.709999084472656,59.93000030517578
2014-05-12,7014.25,1295.5999755859375,77.53581237792969,37.099998474121094,59.849998474121094
2014-05-13,7108.75,1294.5999755859375,77.83848571777344,32.04999923706055,59.41999816894531
2014-05-14,7108.75,1305.699951171875,78.1941909790039,32.41999816894531,59.310001373291016
2014-05-15,7123.14990234375,1293.5,78.47418212890625,36.77000045776367,59.400001525878906
2014-05-16,7203.0,1293.300048828125,78.30767822265625,24.290000915527344,59.33000183105469
2014-05-19,7263.5498046875,1293.699951171875,78.20932006835938,20.6299991607666,58.560001373291016
2014-05-20,7275.5,1294.5,78.43631744384766,19.229999542236328,58.36800003051758
2014-05-21,7252.89990234375,1288.0,78.31525421142578,17.90999984741211,58.58300018310547
2014-05-22,7276.39990234375,1294.9000244140625,78.23199462890625,17.84000015258789,58.6879997253418
2014-05-23,7367.10009765625,1291.5999755859375,78.39089965820312,17.700000762939453,58.27799987792969
2014-05-26,7359.0498046875,,,19.84000015258789,58.41999816894531
2014-05-27,7318.0,1265.4000244140625,78.41361236572266,19.100000381469727,58.650001525878906
2014-05-28,7329.64990234375,1259.300048828125,78.84496307373047,17.559999465942383,59.03799819946289
2014-05-29,7235.64990234375,1256.300048828125,78.74659729003906,16.690000534057617,58.83000183105469
2014-05-30,7229.9501953125,1245.5999755859375,78.6860580444336,16.34000015258789,58.900001525878906
2014-06-02,7362.5,1243.699951171875,78.32600402832031,16.5,59.1879997253418
2014-06-03,7415.85009765625,1244.300048828125,77.93180084228516,15.800000190734863,59.15999984741211
2014-06-04,7402.25,1244.0,77.87113952636719,15.569999694824219,59.29999923706055
2014-06-05,7474.10009765625,1253.0,77.98491668701172,15.449999809265137,59.2599983215332
2014-06-06,7583.39990234375,1252.0999755859375,77.9241943359375,15.979999542236328,59.16299819946289
2014-06-09,7654.60009765625,1253.5,77.81053924560547,17.100000381469727,59.167999267578125
2014-06-10,7656.39990234375,1259.800048828125,77.67408752441406,16.65999984741211,59.198001861572266
2014-06-11,7626.85009765625,1260.800048828125,77.78022003173828,17.059999465942383,59.119998931884766
2014-06-12,7649.89990234375,1273.5999755859375,78.0833969116211,16.899999618530273,59.33300018310547
2014-06-13,7542.10009765625,1273.699951171875,77.93180084228516,17.760000228881836,59.28799819946289
2014-06-16,7533.5498046875,1274.9000244140625,77.93180084228516,17.979999542236328,59.702999114990234
2014-06-17,7631.7001953125,1271.699951171875,77.60580444335938,17.700000762939453,60.09000015258789
2014-06-18,7558.2001953125,1272.4000244140625,78.01519775390625,18.579999923706055,60.323001861572266
2014-06-19,7540.7001953125,1313.699951171875,77.81804656982422,18.739999771118164,59.810001373291016
2014-06-20,7511.4501953125,1316.199951171875,77.9090576171875,18.850000381469727,60.15999984741211
2014-06-23,7493.35009765625,1318.0,77.85603332519531,18.959999084472656,60.167999267578125
2014-06-24,7580.2001953125,1320.9000244140625,78.17442321777344,19.190000534057617,60.15299987792969
2014-06-25,7569.25,1322.199951171875,78.25013732910156,18.309999465942383,60.189998626708984
2014-06-26,7493.2001953125,1316.0999755859375,78.45488739013672,17.700000762939453,59.95000076293945
2014-06-27,7508.7998046875,1319.0,78.45488739013672,17.6299991607666,60.08000183105469
2014-06-30,7611.35009765625,1321.800048828125,78.51547241210938,17.8700008392334,60.03799819946289
2014-07-01,7634.7001953125,1326.4000244140625,78.25881958007812,17.65999984741211,59.970001220703125
2014-07-02,7725.14990234375,1330.699951171875,77.93984985351562,17.56999969482422,60.02799987792969
2014-07-03,7714.7998046875,1320.4000244140625,77.78040313720703,17.809999465942383,59.439998626708984
2014-07-04,7751.60009765625,,,18.15999984741211,59.61000061035156
2014-07-07,7787.14990234375,1316.5,77.97020721435547,19.40999984741211,59.71799850463867
2014-07-08,7623.2001953125,1316.0,78.32715606689453,19.18000030517578,59.948001861572266
2014-07-09,7585.0,1323.800048828125,78.34233093261719,18.190000534057617,59.74800109863281
2014-07-10,7567.75,1338.699951171875,78.50939178466797,15.970000267028809,59.757999420166016
2014-07-11,7459.60009765625,1337.0,78.63849639892578,15.720000267028809,60.1879997253418
2014-07-14,7454.14990234375,1306.300048828125,78.46383666992188,15.5600004196167,60.0880012512207
2014-07-15,7526.64990234375,1296.9000244140625,78.39552307128906,14.770000457763672,60.060001373291016
2014-07-16,7624.39990234375,1299.5999755859375,78.50939178466797,14.729999542236328,60.16999816894531
2014-07-17,7640.4501953125,1316.699951171875,78.965087890625,14.970000267028809,60.08000183105469
2014-07-18,7663.89990234375,1309.199951171875,78.80561828613281,15.100000381469727,60.599998474121094
2014-07-21,7684.2001953125,1313.699951171875,78.82835388183594,14.899999618530273,60.27799987792969
2014-07-22,7767.85009765625,1306.0999755859375,78.92713928222656,14.640000343322754,60.25
2014-07-23,7795.75,1304.5,78.91951751708984,14.6899995803833,60.097999572753906
2014-07-24,7830.60009765625,1290.5999755859375,78.60054779052734,14.720000267028809,59.86000061035156
2014-07-25,7790.4501953125,1303.0999755859375,78.90430450439453,14.220000267028809,60.060001373291016
2014-07-28,7748.7001953125,1303.300048828125,78.81320190429688,14.319999694824219,60.053001403808594
2014-07-29,,1298.300048828125,78.91951751708984,,60.04999923706055
2014-07-30,7791.39990234375,1294.9000244140625,78.36512756347656,13.890000343322754,60.040000915527344
2014-07-31,7721.2998046875,1281.300048828125,78.34233093261719,13.819999694824219,60.25
2014-08-01,7602.60009765625,1293.5999755859375,78.80343627929688,15.220000267028809,60.77000045776367
2014-08-04,7683.64990234375,1287.699951171875,78.84908294677734,14.819999694824219,61.20800018310547
2014-08-05,7746.5498046875,1284.0,78.88710021972656,13.949999809265137,60.900001525878906
2014-08-06,7672.0498046875,1306.699951171875,78.95561218261719,14.300000190734863,60.84299850463867
2014-08-07,7649.25,1310.800048828125,79.3132095336914,14.140000343322754,61.189998626708984
2014-08-08,7568.5498046875,1308.9000244140625,79.24469757080078,14.619999885559082,61.237998962402344
2014-08-11,7625.9501953125,1308.5,79.20669555664062,14.0,61.13800048828125
2014-08-12,7727.0498046875,1308.800048828125,79.09254455566406,13.470000267028809,61.119998931884766
2014-08-13,7739.5498046875,1312.800048828125,79.35127258300781,13.760000228881836,61.220001220703125
2014-08-14,7791.7001953125,1313.9000244140625,79.51106262207031,13.220000267028809,61.02000045776367
2014-08-15,,1304.5,79.83061981201172,,60.63999938964844
2014-08-18,7874.25,1297.699951171875,79.57947540283203,13.5,60.77299880981445
2014-08-19,7897.5,1295.0999755859375,79.49581909179688,13.90999984741211,60.81999969482422
2014-08-20,7875.2998046875,1293.4000244140625,79.25994873046875,13.65999984741211,60.7400016784668
2014-08-21,7891.10009765625,1273.699951171875,79.42730712890625,13.729999542236328,60.608001708984375
2014-08-22,7913.2001953125,1278.5999755859375,79.43495178222656,13.619999885559082,60.439998626708984
2014-08-25,7906.2998046875,1277.300048828125,79.49581909179688,13.789999961853027,60.4630012512207
2014-08-26,7904.75,1283.800048828125,79.48062133789062,13.899999618530273,60.5099983215332
2014-08-27,7936.0498046875,1281.9000244140625,79.70125579833984,13.0600004196167,60.428001403808594
2014-08-28,7954.35009765625,1288.699951171875,79.80777740478516,13.069999694824219,60.448001861572266
2014-08-29,,1285.800048828125,79.81541442871094,,60.61000061035156
2014-09-01,8027.7001953125,,,13.529999732971191,60.51300048828125
2014-09-02,8083.0498046875,1263.699951171875,79.30551147460938,13.449999809265137,60.52299880981445
2014-09-03,8114.60009765625,1268.9000244140625,79.41983032226562,13.390000343322754,60.678001403808594
2014-09-04,8095.9501953125,1265.0999755859375,79.13777160644531,13.079999923706055,60.38999938964844
2014-09-05,8086.85009765625,1265.800048828125,79.16070556640625,12.9399995803833,60.369998931884766
2014-09-08,8173.89990234375,1252.699951171875,79.07678985595703,12.789999961853027,60.38800048828125
2014-09-09,8152.9501953125,1246.800048828125,78.89390563964844,12.760000228881836,60.380001068115234
2014-09-10,8094.10009765625,1243.5,78.69573211669922,12.930000305175781,60.790000915527344
2014-09-11,8085.7001953125,1237.4000244140625,78.59661102294922,12.520000457763672,60.79999923706055
2014-09-12,8105.5,1229.9000244140625,78.29934692382812,12.369999885559082,60.810001373291016
2014-09-15,8042.0,1233.5999755859375,78.44417572021484,13.260000228881836,60.64799880981445
2014-09-16,7932.89990234375,1235.199951171875,78.42133331298828,13.279999732971191,60.970001220703125
2014-09-17,7975.5,1234.4000244140625,78.22317504882812,12.949999809265137,61.053001403808594
2014-09-18,8114.75,1225.699951171875,78.16976928710938,12.329999923706055,60.90800094604492
2014-09-19,8121.4501953125,1215.300048828125,78.46709442138672,11.890000343322754,60.689998626708984
2014-09-22,8146.2998046875,1216.800048828125,78.63473510742188,11.569999694824219,60.85300064086914
2014-09-23,8017.5498046875,1221.0,78.80239868164062,12.40999984741211,61.0
2014-09-24,8002.39990234375,1218.5999755859375,78.58139038085938,12.539999961853027,60.97999954223633
2014-09-25,7911.85009765625,1221.199951171875,78.96247100830078,13.300000190734863,60.810001373291016
2014-09-26,7968.85009765625,1214.0999755859375,78.7948226928711,12.930000305175781,61.4900016784668
2014-09-29,7958.89990234375,1217.5,79.04631805419922,13.390000343322754,61.13800048828125
2014-09-30,7964.7998046875,1210.5,78.9777603149414,13.149999618530273,61.553001403808594
2014-10-01,7945.5498046875,1214.5999755859375,79.6412353515625,13.0,61.81999969482422
2014-10-02,,1214.199951171875,79.40460205078125,,61.7130012512207
2014-10-03,,1192.199951171875,79.38169860839844,,61.439998626708984
2014-10-06,,1206.699951171875,79.51148223876953,,61.53799819946289
2014-10-07,7852.39990234375,1211.699951171875,79.97727966308594,14.460000038146973,61.209999084472656
2014-10-08,7842.7001953125,1205.300048828125,80.25980377197266,14.109999656677246,61.27000045776367
2014-10-09,7960.5498046875,1224.5999755859375,80.12234497070312,13.15999984741211,60.880001068115234
2014-10-10,7859.9501953125,1221.0,80.43540954589844,14.329999923706055,61.02000045776367
2014-10-13,7884.25,1229.300048828125,80.85538482666016,14.5,61.27799987792969
2014-10-14,7864.0,1233.5999755859375,81.01570892333984,14.59000015258789,61.00299835205078
2014-10-15,,1244.0999755859375,81.47386932373047,,61.393001556396484
2014-10-16,7748.2001953125,1240.5,81.25241088867188,16.43000030517578,61.37300109863281
2014-10-17,7779.7001953125,1238.300048828125,81.01570892333984,16.399999618530273,61.722999572753906
2014-10-20,7879.39990234375,1244.0,81.13024139404297,14.1899995803833,61.358001708984375
2014-10-21,7927.75,1251.0,80.9088363647461,13.329999923706055,61.22800064086914
2014-10-22,7995.89990234375,1244.800048828125,80.88591003417969,13.029999732971191,61.143001556396484
2014-10-23,,1228.5,80.54991149902344,,61.099998474121094
2014-10-24,,1231.199951171875,80.61865997314453,,61.130001068115234
2014-10-27,7991.7001953125,1229.0999755859375,80.70265197753906,13.520000457763672,61.16299819946289
2014-10-28,8027.60009765625,1229.199951171875,80.50414276123047,13.319999694824219,61.29800033569336
2014-10-29,8090.4501953125,1224.300048828125,80.23685455322266,13.010000228881836,61.180999755859375
2014-10-30,8169.2001953125,1198.0999755859375,80.32086944580078,13.270000457763672,61.28300094604492
2014-10-31,8322.2001953125,1171.0999755859375,80.1910629272461,13.300000190734863,61.43299865722656
2014-11-03,8324.150390625,1169.4000244140625,80.16122436523438,13.739999771118164,61.39799880981445
2014-11-04,,1167.4000244140625,80.15360260009766,,61.41299819946289
2014-11-05,8338.2998046875,1145.4000244140625,80.1764907836914,13.760000228881836,61.28799819946289
2014-11-06,,1142.300048828125,79.9317855834961,,61.369998931884766
2014-11-07,8337.0,1169.5999755859375,80.44425201416016,14.109999656677246,61.49300003051758
2014-11-10,8344.25,1159.5999755859375,80.11536407470703,13.930000305175781,61.51300048828125
2014-11-11,8362.650390625,1162.800048828125,80.12298583984375,14.800000190734863,61.529998779296875
2014-11-12,8383.2998046875,1158.9000244140625,80.0924072265625,14.4399995803833,61.4900016784668
2014-11-13,8357.849609375,1161.0999755859375,80.222412109375,13.800000190734863,61.36800003051758
2014-11-14,8389.900390625,1185.0,80.39070892333984,13.970000267028809,61.59299850463867
2014-11-17,8430.75,1183.0,80.29891204833984,14.40999984741211,61.70800018310547
2014-11-18,8425.900390625,1196.699951171875,80.39070892333984,14.069999694824219,61.823001861572266
2014-11-19,8382.2998046875,1193.5999755859375,80.1764907836914,14.350000381469727,61.71799850463867
2014-11-20,8401.900390625,1190.699951171875,80.32189178466797,14.170000076293945,61.9379997253418
2014-11-21,8477.349609375,1197.5,80.48249816894531,13.850000381469727,61.92300033569336
2014-11-24,8530.150390625,1195.5,80.57427215576172,13.020000457763672,61.7599983215332
2014-11-25,8463.099609375,1197.0999755859375,80.7731704711914,13.529999732971191,61.85300064086914
2014-11-26,8475.75,1196.5999755859375,80.91082000732422,12.989999771118164,61.84000015258789
2014-11-27,8494.2001953125,,,12.739999771118164,61.78799819946289
2014-11-28,8588.25,1175.199951171875,81.22444152832031,12.899999618530273,61.85300064086914
2014-12-01,8555.900390625,1218.0,81.0252456665039,13.199999809265137,62.202999114990234
2014-12-02,8524.7001953125,1199.199951171875,80.66509246826172,12.399999618530273,61.948001861572266
2014-12-03,8537.650390625,1208.5,80.69581604003906,12.369999885559082,61.78799819946289
2014-12-04,8564.400390625,1207.5,80.97924041748047,12.449999809265137,61.85599899291992
2014-12-05,8538.2998046875,1190.0999755859375,80.5271987915039,11.949999809265137,61.78300094604492
2014-12-08,8438.25,1194.699951171875,80.79533386230469,12.210000038146973,61.9109992980957
2014-12-09,8340.7001953125,1231.5,81.09423828125,12.5,61.81800079345703
2014-12-10,8355.650390625,1228.9000244140625,81.46197509765625,12.239999771118164,61.87300109863281
2014-12-11,8292.900390625,1225.0999755859375,81.32402801513672,12.770000457763672,62.00299835205078
2014-12-12,8224.099609375,1222.0,81.9906234741211,13.75,62.472999572753906
2014-12-15,8219.599609375,1207.199951171875,81.69184875488281,14.020000457763672,62.518001556396484
2014-12-16,8067.60009765625,1193.9000244140625,82.10554504394531,16.309999465942383,63.167999267578125
2014-12-17,8029.7998046875,1194.300048828125,81.53857421875,16.93000030517578,63.65299987792969
2014-12-18,8159.2998046875,1194.699951171875,81.07890319824219,14.600000381469727,63.518001556396484
2014-12-19,8225.2001953125,1195.9000244140625,81.37767028808594,14.510000228881836,62.983001708984375
2014-12-22,8324.0,1179.699951171875,81.37767028808594,14.210000038146973,63.2400016784668
2014-12-23,8267.0,1177.9000244140625,80.70341491699219,15.300000190734863,63.222999572753906
2014-12-24,8174.10009765625,1173.5,80.76174926757812,15.069999694824219,63.43299865722656
2014-12-25,,,,,63.400001525878906
2014-12-26,8200.7001953125,1195.300048828125,80.86917877197266,14.649999618530273,63.51300048828125
2014-12-29,8246.2998046875,1181.699951171875,81.14544677734375,14.579999923706055,63.59000015258789
2014-12-30,8248.25,1200.199951171875,81.23750305175781,14.859999656677246,63.66299819946289
2014-12-31,8282.7001953125,1183.9000244140625,81.32958984375,15.119999885559082,63.37799835205078
2015-01-01,,,,15.029999732971191,63.02799987792969
2015-01-02,8395.4501953125,1186.0,81.74390411376953,13.800000190734863,63.02799987792969
2015-01-05,8378.400390625,1203.9000244140625,82.24271392822266,14.149999618530273,63.27799987792969
2015-01-06,8127.35009765625,1219.300048828125,82.7951889038086,17.420000076293945,63.3380012512207
2015-01-07,8102.10009765625,1210.5999755859375,82.77981567382812,18.139999389648438,63.56800079345703
2015-01-08,8234.599609375,1208.4000244140625,82.44220733642578,16.469999313354492,63.27299880981445
2015-01-09,8284.5,1216.0,82.84889221191406,15.960000038146973,62.667999267578125
2015-01-12,8323.0,1232.699951171875,83.14044952392578,16.110000610351562,62.347999572753906
2015-01-13,8299.400390625,1234.300048828125,83.21723937988281,16.479999542236328,62.06800079345703
2015-01-14,8277.5498046875,1234.4000244140625,83.60086822509766,17.25,61.972999572753906
2015-01-15,8494.150390625,1264.699951171875,84.31454467773438,16.15999984741211,62.0880012512207
2015-01-16,8513.7998046875,1276.9000244140625,83.69294738769531,17.270000457763672,62.05799865722656
2015-01-19,8550.7001953125,,,17.649999618530273,61.862998962402344
2015-01-20,8695.599609375,1294.199951171875,83.88483428955078,17.270000457763672,61.63800048828125
2015-01-21,8729.5,1293.699951171875,83.48573303222656,17.709999084472656,61.64799880981445
2015-01-22,8761.400390625,1300.699951171875,83.27857971191406,18.56999969482422,61.553001403808594
2015-01-23,8835.599609375,1292.5999755859375,83.82344055175781,17.889999389648438,61.597999572753906
2015-01-26,,1279.4000244140625,83.6315689086914,,61.43299865722656
2015-01-27,8910.5,1291.699951171875,83.74667358398438,18.09000015258789,61.472999572753906
2015-01-28,8914.2998046875,1285.9000244140625,84.3912124633789,19.770000457763672,61.40299987792969
2015-01-29,8952.349609375,1254.5999755859375,84.09198760986328,19.43000030517578,61.35100173950195
2015-01-30,8808.900390625,1278.5,84.82859802246094,20.170000076293945,61.79600143432617
2015-02-02,8797.400390625,1276.199951171875,84.72256469726562,20.40999984741211,62.01300048828125
2015-02-03,8756.5498046875,1259.699951171875,84.00775146484375,19.809999465942383,61.72800064086914
2015-02-04,8723.7001953125,1263.800048828125,84.1460952758789,20.049999237060547,61.61399841308594
2015-02-05,8711.7001953125,1262.0,83.83868408203125,20.6200008392334,61.86000061035156
2015-02-06,8661.0498046875,1233.9000244140625,82.90094757080078,20.690000534057617,61.733001708984375
2015-02-09,8526.349609375,1240.800048828125,82.86253356933594,22.020000457763672,61.9630012512207
2015-02-10,8565.5498046875,1231.5999755859375,82.65504455566406,21.190000534057617,62.130001068115234
2015-02-11,8627.400390625,1219.0,82.624267578125,20.5,62.34199905395508
2015-02-12,8711.5498046875,1220.0999755859375,82.65504455566406,20.15999984741211,62.38199996948242
2015-02-13,8805.5,1226.5,82.37834167480469,20.100000381469727,62.16999816894531
2015-02-16,8809.349609375,,,20.829999923706055,62.069000244140625
2015-02-17,,1208.0999755859375,81.7942123413086,,62.18600082397461
2015-02-18,8869.099609375,1199.699951171875,82.1861801147461,20.90999984741211,62.11199951171875
2015-02-19,8895.2998046875,1207.0999755859375,81.97868347167969,20.399999618530273,62.07400131225586
2015-02-20,8833.599609375,1204.4000244140625,81.93257904052734,21.270000457763672,62.165000915527344
2015-02-23,8754.9501953125,1200.300048828125,82.30911254882812,21.6299991607666,62.10100173950195
2015-02-24,8762.099609375,1196.9000244140625,82.8548583984375,21.549999237060547,62.17100143432617
2015-02-25,8767.25,1201.0,82.93172454833984,20.780000686645508,62.233001708984375
2015-02-26,8683.849609375,1209.5999755859375,82.43982696533203,20.579999923706055,61.87699890136719
2015-02-27,8844.599609375,1212.5999755859375,82.73189544677734,19.56999969482422,61.75400161743164
2015-03-02,8956.75,1207.699951171875,82.11605072021484,15.850000381469727,61.6510009765625
2015-03-03,8996.25,1204.0,81.93894958496094,15.489999771118164,61.9010009765625
2015-03-04,8922.650390625,1200.5999755859375,82.00057220458984,15.199999809265137,61.8129997253418
2015-03-05,8937.75,1195.9000244140625,82.0467300415039,14.4399995803833,62.30500030517578
2015-03-06,,1164.0999755859375,81.20764923095703,,62.44300079345703
2015-03-09,8756.75,1166.4000244140625,81.58486938476562,15.8100004196167,62.452999114990234
2015-03-10,8712.0498046875,1160.0999755859375,81.9312515258789,15.529999732971191,62.67300033569336
2015-03-11,8699.9501953125,1150.699951171875,82.07756042480469,15.130000114440918,62.7130012512207
2015-03-12,8776.0,1152.0999755859375,82.15449523925781,14.75,62.755001068115234
2015-03-13,8647.75,1152.5999755859375,82.03134155273438,14.970000267028809,62.53499984741211
2015-03-16,8633.150390625,1153.300048828125,82.31617736816406,15.180000305175781,63.07600021362305
2015-03-17,8723.2998046875,1148.300048828125,82.48551940917969,15.130000114440918,62.78900146484375
2015-03-18,8685.900390625,1151.4000244140625,83.43238830566406,15.510000228881836,62.61600112915039
2015-03-19,8634.650390625,1169.0999755859375,83.03978729248047,15.199999809265137,62.69300079345703
2015-03-20,8570.900390625,1184.800048828125,83.3785400390625,14.260000228881836,62.483001708984375
2015-03-23,8550.900390625,1188.0,83.48629760742188,14.270000457763672,62.40299987792969
2015-03-24,8542.9501953125,1191.699951171875,83.74031829833984,13.670000076293945,62.222999572753906
2015-03-25,8530.7998046875,1197.300048828125,83.3785400390625,13.140000343322754,62.27799987792969
2015-03-26,8342.150390625,1205.0999755859375,82.908935546875,15.15999984741211,62.46200180053711
2015-03-27,8341.400390625,1199.800048828125,83.23228454589844,14.5,62.82899856567383
2015-03-30,8492.2998046875,1184.800048828125,83.22454071044922,14.260000228881836,62.51499938964844
2015-03-31,8491.0,1183.0999755859375,83.44010925292969,14.489999771118164,62.50899887084961
2015-04-01,8586.25,1208.0999755859375,83.83719635009766,13.670000076293945,62.305999755859375
2015-04-02,,1200.9000244140625,83.5981674194336,,62.16899871826172
2015-04-03,,,,,62.060001373291016
2015-04-06,8659.900390625,1218.5999755859375,83.70610809326172,14.569999694824219,62.060001373291016
2015-04-07,8660.2998046875,1210.5999755859375,83.77549743652344,14.25,62.060001373291016
2015-04-08,8714.400390625,1203.0999755859375,83.69841003417969,14.350000381469727,62.308998107910156
2015-04-09,8778.2998046875,1193.5999755859375,83.35912322998047,14.420000076293945,62.18199920654297
2015-04-10,8780.349609375,1204.5999755859375,83.33599090576172,14.260000228881836,62.31399917602539
2015-04-13,8834.0,1199.300048828125,83.50566101074219,14.489999771118164,62.26900100708008
2015-04-14,,1192.800048828125,83.75240325927734,,62.39099884033203
2015-04-15,,1201.5,83.79866027832031,14.619999885559082,62.31399917602539
2015-04-16,8706.7001953125,1198.0,83.8603286743164,14.949999809265137,62.38999938964844
2015-04-17,8606.0,1202.9000244140625,84.02996063232422,15.039999961853027,62.32600021362305
2015-04-20,8448.099609375,1193.5,83.87576293945312,16.299999237060547,62.542999267578125
2015-04-21,8377.75,1202.9000244140625,83.69841003417969,17.030000686645508,63.14500045776367
2015-04-22,8429.7001953125,1186.9000244140625,83.21266174316406,17.209999084472656,62.87799835205078
2015-04-23,8398.2998046875,1194.4000244140625,83.46707153320312,18.5,62.935001373291016
2015-04-24,8305.25,1175.199951171875,83.76010131835938,19.110000610351562,63.2869987487793
2015-04-27,8213.7998046875,1203.300048828125,83.62903594970703,18.739999771118164,63.654998779296875
2015-04-28,8285.599609375,1214.0,83.24347686767578,17.40999984741211,63.13999938964844
2015-04-29,8239.75,1209.800048828125,82.93504333496094,17.239999771118164,63.03300094604492
2015-04-30,8181.5,1182.4000244140625,82.91192626953125,17.229999542236328,63.44200134277344
2015-05-01,,1174.5,82.45866394042969,,63.52299880981445
2015-05-04,8331.9501953125,1186.800048828125,82.28873443603516,17.309999465942383,63.52299880981445
2015-05-05,8324.7998046875,1193.199951171875,82.14973449707031,17.360000610351562,63.59299850463867
2015-05-06,8097.0,1190.300048828125,81.74821472167969,19.670000076293945,63.34400177001953
2015-05-07,8057.2998046875,1182.4000244140625,82.09568786621094,19.649999618530273,63.65999984741211
2015-05-08,8191.5,1189.0999755859375,82.41226959228516,19.110000610351562,64.08200073242188
2015-05-11,8325.25,1183.199951171875,81.60143280029297,18.6299991607666,63.70399856567383
2015-05-12,8126.9501953125,1192.5999755859375,81.66326141357422,20.549999237060547,64.0199966430664
2015-05-13,8235.4501953125,1218.4000244140625,81.55511474609375,20.690000534057617,64.21099853515625
2015-05-14,8224.2001953125,1225.4000244140625,81.83313751220703,20.700000762939453,64.04399871826172
2015-05-15,8262.349609375,1225.5,82.42003631591797,19.81999969482422,63.40800094604492
2015-05-18,8373.650390625,1227.800048828125,81.86407470703125,17.899999618530273,63.43299865722656
2015-05-19,8365.650390625,1206.9000244140625,81.50106811523438,18.270000457763672,63.729000091552734
2015-05-20,8423.25,1208.9000244140625,81.67868041992188,17.719999313354492,63.78499984741211
2015-05-21,8421.0,1204.4000244140625,82.1651840209961,17.40999984741211,63.625
2015-05-22,8458.9501953125,1204.300048828125,81.9798583984375,16.950000762939453,63.625999450683594
2015-05-25,8370.25,,,16.93000030517578,63.483001708984375
2015-05-26,8339.349609375,1187.199951171875,82.48950958251953,17.06999969482422,63.57099914550781
2015-05-27,8334.599609375,1185.9000244140625,82.44320678710938,17.280000686645508,63.97600173950195
2015-05-28,8319.0,1188.0999755859375,82.5204086303711,17.1299991607666,63.874000549316406
2015-05-29,8433.650390625,1189.4000244140625,82.56676483154297,16.65999984741211,63.82500076293945
2015-06-01,8433.400390625,1188.300048828125,82.20246124267578,16.90999984741211,63.736000061035156
2015-06-02,8236.4501953125,1194.0999755859375,81.63011932373047,16.81999969482422,63.61000061035156
2015-06-03,8135.10009765625,1184.699951171875,80.93397521972656,17.510000228881836,63.6619987487793
2015-06-04,8130.64990234375,1174.9000244140625,81.32844543457031,18.1200008392334,64.05899810791016
2015-06-05,8114.7001953125,1167.800048828125,80.7406234741211,18.09000015258789,64.0009994506836
2015-06-08,8044.14990234375,1173.199951171875,80.85662841796875,18.889999389648438,63.762001037597656
2015-06-09,8022.39990234375,1177.300048828125,80.5936508178711,18.010000228881836,63.97600173950195
2015-06-10,8124.4501953125,1186.0999755859375,80.28424072265625,17.079999923706055,64.03800201416016
2015-06-11,7965.35009765625,1179.9000244140625,80.91851806640625,17.809999465942383,63.79899978637695
2015-06-12,7982.89990234375,1178.800048828125,80.87210845947266,17.479999542236328,63.999000549316406
2015-06-15,8013.89990234375,1185.300048828125,81.0654525756836,17.520000457763672,64.09200286865234
2015-06-16,8047.2998046875,1180.5,81.3748779296875,17.170000076293945,64.052001953125
2015-06-17,8091.5498046875,1176.4000244140625,81.42123413085938,16.729999542236328,64.18199920654297
2015-06-18,8174.60009765625,1201.5,81.35936737060547,16.020000457763672,64.00299835205078
2015-06-19,8224.9501953125,1201.5,81.79252624511719,15.09000015258789,63.64500045776367
2015-06-22,8353.099609375,1183.699951171875,81.1041259765625,15.489999771118164,63.492000579833984
2015-06-23,8381.5498046875,1176.199951171875,80.85662841796875,15.039999961853027,63.50699996948242
2015-06-24,8360.849609375,1172.5999755859375,81.09640502929688,15.920000076293945,63.599998474121094
2015-06-25,8398.0,1171.5,80.89529418945312,15.930000305175781,63.5620002746582
2015-06-26,8381.099609375,1172.9000244140625,80.5085678100586,15.760000228881836,63.51100158691406
2015-06-29,8318.400390625,1178.5,81.4444580078125,17.299999237060547,63.444000244140625
2015-06-30,8368.5,1171.5,81.22016906738281,16.93000030517578,63.7239990234375
2015-07-01,8453.0498046875,1169.0,80.79563903808594,15.850000381469727,63.59000015258789
2015-07-02,8444.900390625,1163.0,81.08226776123047,15.5600004196167,63.57400131225586
2015-07-03,8484.900390625,,,16.309999465942383,63.369998931884766
2015-07-06,8522.150390625,1172.9000244140625,81.65547943115234,16.020000457763672,63.40399932861328
2015-07-07,8510.7998046875,1152.4000244140625,81.87239074707031,16.309999465942383,63.3650016784668
2015-07-08,8363.0498046875,1163.300048828125,82.19781494140625,17.790000915527344,63.518001556396484
2015-07-09,8328.5498046875,1159.0,81.62457275390625,17.440000534057617,63.5620002746582
2015-07-10,8360.5498046875,1157.699951171875,81.05903625488281,17.06999969482422,63.36399841308594
2015-07-13,8459.650390625,1155.199951171875,80.84211730957031,16.270000457763672,63.35200119018555
2015-07-14,8454.099609375,1153.300048828125,81.09778594970703,16.010000228881836,63.513999938964844
2015-07-15,8523.7998046875,1147.199951171875,81.40763092041016,15.569999694824219,63.32400131225586
2015-07-16,8608.0498046875,1143.800048828125,81.37660217285156,14.779999732971191,63.52399826049805
2015-07-17,8609.849609375,1131.800048828125,81.38439178466797,14.800000190734863,63.481998443603516
2015-07-20,8603.4501953125,1106.699951171875,81.2216796875,14.960000038146973,63.48400115966797
2015-07-21,8529.4501953125,1103.4000244140625,81.44636535644531,15.100000381469727,63.625
2015-07-22,8633.5,1091.4000244140625,81.54706573486328,15.130000114440918,63.58300018310547
2015-07-23,8589.7998046875,1094.0,81.88016510009766,15.520000457763672,63.66400146484375
2015-07-24,8521.5498046875,1085.5999755859375,81.9576187133789,15.460000038146973,63.847999572753906
2015-07-27,8361.0,1096.5,82.22872924804688,16.3700008392334,64.0999984741211
2015-07-28,8337.0,1096.300048828125,81.99635314941406,15.920000076293945,64.21700286865234
2015-07-29,8375.0498046875,1092.699951171875,81.88016510009766,15.880000114440918,63.8390007019043
2015-07-30,8421.7998046875,1088.4000244140625,81.97311401367188,15.329999923706055,63.882999420166016
2015-07-31,8532.849609375,1094.9000244140625,82.45342254638672,14.569999694824219,64.11799621582031
2015-08-03,8543.0498046875,1089.4000244140625,82.70476531982422,15.390000343322754,63.97999954223633
2015-08-04,8516.900390625,1090.699951171875,82.27803039550781,14.829999923706055,64.1240005493164
2015-08-05,8567.9501953125,1085.699951171875,81.95995330810547,14.670000076293945,63.819000244140625
2015-08-06,8588.650390625,1090.199951171875,82.24705505371094,14.729999542236328,63.69599914550781
2015-08-07,8564.599609375,1094.0999755859375,82.57288360595703,14.90999984741211,63.733001708984375
2015-08-10,8525.599609375,1104.199951171875,82.23151397705078,15.470000267028809,63.733001708984375
2015-08-11,8462.349609375,1107.5999755859375,82.77460479736328,15.890000343322754,63.8380012512207
2015-08-12,8349.4501953125,1123.199951171875,82.7435531616211,17.450000762939453,64.32599639892578
2015-08-13,8355.849609375,1115.699951171875,82.5263442993164,17.020000457763672,64.79900360107422
2015-08-14,8518.5498046875,1112.9000244140625,82.44097137451172,16.020000457763672,65.26899719238281
2015-08-17,8477.2998046875,1118.5999755859375,82.58845520019531,16.459999084472656,65.12200164794922
2015-08-18,8466.5498046875,1117.0999755859375,82.45646667480469,16.360000610351562,65.44300079345703
2015-08-19,8495.150390625,1128.0999755859375,82.96078491210938,16.68000030517578,65.44599914550781
2015-08-20,8372.75,1153.0,83.18582916259766,16.979999542236328,65.05400085449219
2015-08-21,8299.9501953125,1159.5999755859375,83.5193862915039,17.110000610351562,65.46099853515625
2015-08-24,7809.0,1153.4000244140625,83.65902709960938,28.1299991607666,66.0260009765625
2015-08-25,7880.7001953125,1138.199951171875,83.2013168334961,26.850000381469727,66.80699920654297
2015-08-26,7791.85009765625,1124.5999755859375,82.68926239013672,25.520000457763672,66.28299713134766
2015-08-27,7948.9501953125,1122.4000244140625,82.64268493652344,22.040000915527344,66.05599975585938
2015-08-28,8001.9501953125,1133.0999755859375,82.65819549560547,23.329999923706055,66.05500030517578
2015-08-31,7971.2998046875,1131.5999755859375,82.5185546875,24.600000381469727,66.14299774169922
2015-09-01,7785.85009765625,1138.699951171875,82.88923645019531,28.719999313354492,66.3499984741211
2015-09-02,7717.0,1132.5,82.66389465332031,26.649999618530273,66.4229965209961
2015-09-03,7823.0,1123.699951171875,82.86591339111328,24.1200008392334,66.22599792480469
2015-09-04,7655.0498046875,1120.5999755859375,83.12232208251953,26.420000076293945,66.16000366210938
2015-09-07,7558.7998046875,,,26.350000381469727,66.6780014038086
2015-09-08,7688.25,1120.4000244140625,82.75714874267578,24.56999969482422,66.8030014038086
2015-09-09,7818.60009765625,1102.199951171875,82.7881851196289,24.299999237060547,66.40599822998047
2015-09-10,7788.10009765625,1109.5,82.60171508789062,24.75,66.59700012207031
2015-09-11,7789.2998046875,1103.5,82.8193130493164,24.979999542236328,66.31900024414062
2015-09-14,7872.25,1107.699951171875,82.89696502685547,24.31999969482422,66.23400115966797
2015-09-15,7829.10009765625,1102.800048828125,82.24427032470703,23.739999771118164,66.31500244140625
2015-09-16,7899.14990234375,1119.199951171875,82.220947265625,22.0,66.43000030517578
2015-09-17,,1117.300048828125,82.90479278564453,,66.19599914550781
2015-09-18,7981.89990234375,1138.0999755859375,83.29330444335938,18.290000915527344,66.12200164794922
2015-09-21,7977.10009765625,1133.0999755859375,82.8193130493164,18.18000030517578,65.86100006103516
2015-09-22,7812.0,1125.0,83.23117065429688,20.350000381469727,65.73899841308594
2015-09-23,7845.9501953125,1131.5999755859375,83.13787841796875,20.690000534057617,65.875
2015-09-24,7868.5,1153.800048828125,83.26219177246094,20.8799991607666,66.16200256347656
2015-09-25,,1146.0,83.0446548461914,,66.22100067138672
2015-09-28,7795.7001953125,1132.0,83.51868438720703,21.670000076293945,66.16300201416016
2015-09-29,7843.2998046875,1127.0999755859375,83.80616760253906,21.56999969482422,66.26000213623047
2015-09-30,7948.89990234375,1115.5,83.82170867919922,19.6299991607666,65.91999816894531
2015-10-01,7950.89990234375,1114.199951171875,83.88705444335938,19.239999771118164,65.5270004272461
2015-10-02,,1137.0999755859375,84.29174041748047,,65.61799621582031
2015-10-05,8119.2998046875,1138.0999755859375,83.82482147216797,19.1299991607666,65.35700225830078
2015-10-06,8152.89990234375,1146.800048828125,83.9959945678711,19.309999465942383,65.12300109863281
2015-10-07,8177.39990234375,1149.0,83.7859115600586,19.34000015258789,65.18399810791016
2015-10-08,8129.35009765625,1144.699951171875,83.56800079345703,19.559999465942383,64.93900299072266
2015-10-09,8189.7001953125,1156.300048828125,83.61471557617188,18.93000030517578,64.99500274658203
2015-10-12,8143.60009765625,1164.9000244140625,83.89485168457031,19.1200008392334,64.77200317382812
2015-10-13,8131.7001953125,1165.800048828125,83.97265625,18.020000457763672,64.78199768066406
2015-10-14,8107.89990234375,1180.0999755859375,84.43180847167969,17.719999313354492,65.08499908447266
2015-10-15,8179.5,1187.9000244140625,84.14389038085938,17.170000076293945,64.8489990234375
2015-10-16,8238.150390625,1183.5999755859375,84.07386779785156,16.270000457763672,64.78399658203125
2015-10-19,8275.0498046875,1173.300048828125,84.0349349975586,16.8799991607666,64.69499969482422
2015-10-20,8261.650390625,1178.0,83.74697875976562,17.0,64.95099639892578
2015-10-21,8251.7001953125,1167.5999755859375,84.0349349975586,16.6200008392334,64.99400329589844
2015-10-22,,1166.5999755859375,84.12055206298828,,65.15899658203125
2015-10-23,8295.4501953125,1163.300048828125,83.64582061767578,16.190000534057617,65.05000305175781
2015-10-26,8260.5498046875,1167.0,83.86372375488281,17.229999542236328,64.88500213623047
2015-10-27,8232.900390625,1166.800048828125,84.07386779785156,16.540000915527344,64.9010009765625
2015-10-28,8171.2001953125,1177.0999755859375,83.63805389404297,17.040000915527344,65.06700134277344
2015-10-29,8111.75,1147.199951171875,83.12440490722656,17.579999923706055,64.94599914550781
2015-10-30,8065.7998046875,1141.5,83.28782653808594,17.8799991607666,65.44400024414062
2015-11-02,8050.7998046875,1135.800048828125,83.0485610961914,19.479999542236328,65.41500091552734
2015-11-03,8060.7001953125,1114.199951171875,82.83031463623047,19.559999465942383,65.54100036621094
2015-11-04,8040.2001953125,1106.5,82.74459075927734,19.360000610351562,65.53099822998047
2015-11-05,7955.4501953125,1104.4000244140625,82.68999481201172,19.290000915527344,65.58499908447266
2015-11-06,7954.2998046875,1087.5999755859375,82.12882232666016,19.469999313354492,65.86000061035156
2015-11-09,7915.2001953125,1087.9000244140625,81.98844909667969,17.040000915527344,66.13300323486328
2015-11-10,7783.35009765625,1088.199951171875,82.14439392089844,16.829999923706055,66.46800231933594
2015-11-11,,1084.699951171875,82.10541534423828,,66.19300079345703
2015-11-12,,1080.800048828125,82.15218353271484,,66.06300354003906
2015-11-13,7762.25,1080.800048828125,82.46395874023438,17.649999618530273,66.0479965209961
2015-11-16,7806.60009765625,1083.699951171875,82.5731201171875,17.8799991607666,66.0510025024414
2015-11-17,7837.5498046875,1068.699951171875,82.54969787597656,16.969999313354492,65.89700317382812
2015-11-18,7731.7998046875,1068.800048828125,82.51074981689453,17.420000076293945,66.03700256347656
2015-11-19,7842.75,1078.0,82.68999481201172,15.84000015258789,66.07499694824219
2015-11-20,7856.5498046875,1076.4000244140625,82.58087158203125,15.899999618530273,66.08499908447266
2015-11-23,7849.25,1066.800048828125,82.68999481201172,17.079999923706055,66.05000305175781
2015-11-24,7831.60009765625,1074.300048828125,82.76793670654297,16.25,66.37100219726562
2015-11-25,,1070.5,82.81470489501953,,66.30000305175781
2015-11-26,7883.7998046875,,,16.690000534057617,66.38200378417969
2015-11-27,7942.7001953125,1056.199951171875,82.90045928955078,16.729999542236328,66.55799865722656
2015-11-30,7935.25,1065.800048828125,82.93161010742188,16.43000030517578,66.9000015258789
2015-12-01,7954.89990234375,1063.800048828125,83.37271118164062,15.640000343322754,66.50800323486328
2015-12-02,7931.35009765625,1054.199951171875,83.13848876953125,15.489999771118164,66.46099853515625
2015-12-03,7864.14990234375,1061.699951171875,82.26416015625,16.059999465942383,66.55699920654297
2015-12-04,7781.89990234375,1084.5,82.5686264038086,16.09000015258789,66.8030014038086
2015-12-07,7765.39990234375,1076.4000244140625,82.83403778076172,15.869999885559082,66.63600158691406
2015-12-08,7701.7001953125,1076.300048828125,82.88091278076172,15.970000267028809,66.76799774169922
2015-12-09,7612.5,1077.5999755859375,83.00576782226562,16.729999542236328,66.83300018310547
2015-12-10,7683.2998046875,1073.0999755859375,82.82625579833984,16.290000915527344,66.88999938964844
2015-12-11,7610.4501953125,1076.9000244140625,83.48973083496094,17.18000030517578,66.78600311279297
2015-12-14,7650.0498046875,1064.699951171875,82.87310028076172,17.799999237060547,67.14099884033203
2015-12-15,7700.89990234375,1062.9000244140625,82.66229248046875,17.34000015258789,67.07099914550781
2015-12-16,7750.89990234375,1078.0,82.4437026977539,16.729999542236328,66.90299987792969
2015-12-17,7844.35009765625,1050.800048828125,82.78720092773438,14.220000267028809,66.4280014038086
2015-12-18,7761.9501953125,1066.199951171875,83.0838394165039,14.489999771118164,66.45899963378906
2015-12-21,7834.4501953125,1081.9000244140625,83.12289428710938,14.229999542236328,66.24800109863281
2015-12-22,7786.10009765625,1074.800048828125,82.88867950439453,14.479999542236328,66.26899719238281
2015-12-23,7865.9501953125,1069.4000244140625,82.70137786865234,13.649999618530273,66.24299621582031
2015-12-24,7861.0498046875,1077.199951171875,82.8530044555664,13.75,66.15399932861328
2015-12-25,,,,,65.94000244140625
2015-12-28,7925.14990234375,1070.5,82.8686294555664,14.399999618530273,65.94000244140625
2015-12-29,7928.9501953125,1077.5,82.43079376220703,14.239999771118164,66.13400268554688
2015-12-30,7896.25,1060.0999755859375,82.46208953857422,14.350000381469727,66.26000213623047
2015-12-31,7946.35009765625,1060.300048828125,82.5558853149414,13.869999885559082,66.45500183105469
2016-01-01,,,,14.260000228881836,66.19300079345703
2016-01-04,7791.2998046875,1075.0999755859375,82.90776824951172,16.84000015258789,66.19300079345703
2016-01-05,7784.64990234375,1078.4000244140625,82.88426971435547,16.700000762939453,66.60099792480469
2016-01-06,7741.0,1091.9000244140625,83.38465118408203,16.549999237060547,66.52400207519531
2016-01-07,7568.2998046875,1107.699951171875,83.5644760131836,18.959999084472656,66.7239990234375
2016-01-08,7601.35009765625,1097.800048828125,83.77559661865234,17.799999237060547,66.9209976196289
2016-01-11,7563.85009765625,1096.5,83.50978088378906,18.690000534057617,66.83999633789062
2016-01-12,7510.2998046875,1085.5999755859375,83.88504028320312,18.709999084472656,66.79299926757812
2016-01-13,7562.39990234375,1087.5,84.21348571777344,18.350000381469727,66.91999816894531
2016-01-14,7536.7998046875,1073.9000244140625,84.04142761230469,18.610000610351562,66.93599700927734
2016-01-15,7437.7998046875,1091.5,84.43234252929688,19.420000076293945,67.30400085449219
2016-01-18,7351.0,,,20.229999542236328,67.76699829101562
2016-01-19,7435.10009765625,1089.9000244140625,84.3228988647461,18.43000030517578,67.71099853515625
2016-01-20,7309.2998046875,1107.0999755859375,84.73726654052734,20.969999313354492,67.76699829101562
2016-01-21,7276.7998046875,1099.0999755859375,84.52613830566406,20.809999465942383,67.9489974975586
2016-01-22,7422.4501953125,1097.199951171875,84.33851623535156,18.81999969482422,67.80799865722656
2016-01-25,7436.14990234375,1106.199951171875,84.62002563476562,18.270000457763672,67.54100036621094
2016-01-26,,1121.699951171875,84.68253326416016,,67.74099731445312
2016-01-27,7437.75,1116.0999755859375,84.74508666992188,19.059999465942383,67.7699966430664
2016-01-28,7424.64990234375,1115.5999755859375,84.85456848144531,17.899999618530273,68.19599914550781
2016-01-29,7563.5498046875,1116.4000244140625,85.30805206298828,17.239999771118164,68.09300231933594
2016-02-01,7555.9501953125,1127.9000244140625,85.11148834228516,17.889999389648438,67.87000274658203
2016-02-02,7455.5498046875,1127.300048828125,85.71440124511719,18.040000915527344,67.88200378417969
2016-02-03,7361.7998046875,1141.300048828125,85.62045288085938,18.59000015258789,67.98600006103516
2016-02-04,7404.0,1157.5999755859375,85.82405090332031,18.209999084472656,67.927001953125
2016-02-05,7489.10009765625,1157.800048828125,85.93365478515625,18.110000610351562,67.56400299072266
2016-02-08,7387.25,1197.9000244140625,86.57571411132812,20.260000228881836,67.802001953125
2016-02-09,7298.2001953125,1198.699951171875,86.59140014648438,21.729999542236328,68.07599639892578
2016-02-10,7215.7001953125,1194.699951171875,86.84973907470703,22.469999313354492,67.9280014038086
2016-02-11,6976.35009765625,1247.9000244140625,87.24910736083984,25.969999313354492,67.89299774169922
2016-02-12,6980.9501953125,1239.0999755859375,86.58349609375,24.670000076293945,68.4739990234375
2016-02-15,7162.9501953125,,,22.3799991607666,68.11100006103516
2016-02-16,7048.25,1207.9000244140625,86.32513427734375,23.040000915527344,68.13700103759766
2016-02-17,7108.4501953125,1211.0999755859375,86.11372375488281,21.829999923706055,68.50599670410156
2016-02-18,7191.75,1226.0999755859375,86.5130844116211,21.489999771118164,68.35600280761719
2016-02-19,7210.75,1230.4000244140625,86.5130844116211,20.920000076293945,68.56600189208984
2016-02-22,7234.5498046875,1209.5,86.4269027709961,21.020000457763672,68.53800201416016
2016-02-23,7109.5498046875,1222.300048828125,86.59918975830078,23.84000015258789,68.5739974975586
2016-02-24,7018.7001953125,1238.699951171875,86.59918975830078,22.959999084472656,68.60299682617188
2016-02-25,6970.60009765625,1238.199951171875,86.85759735107422,22.75,68.3759994506836
2016-02-26,7029.75,1219.800048828125,86.43477630615234,21.8700008392334,68.7969970703125
2016-02-29,6987.0498046875,1233.9000244140625,86.57571411132812,20.15999984741211,68.7300033569336
2016-03-01,7222.2998046875,1230.300048828125,85.8990249633789,18.670000076293945,68.21800231933594
2016-03-02,7368.85009765625,1241.0999755859375,85.7500228881836,18.989999771118164,67.74600219726562
2016-03-03,7475.60009765625,1257.4000244140625,85.85198211669922,18.040000915527344,67.38800048828125
2016-03-04,7485.35009765625,1269.9000244140625,85.56183624267578,17.8799991607666,67.14299774169922
2016-03-07,,1263.199951171875,85.38934326171875,,66.93000030517578
2016-03-08,7485.2998046875,1262.0999755859375,85.88336944580078,18.469999313354492,67.0459976196289
2016-03-09,7531.7998046875,1256.5999755859375,85.54621124267578,17.510000228881836,67.35700225830078
2016-03-10,7486.14990234375,1272.0,85.24040222167969,17.899999618530273,67.1449966430664
2016-03-11,7510.2001953125,1258.699951171875,84.99729919433594,17.100000381469727,67.30899810791016
2016-03-14,7538.75,1244.4000244140625,85.06005096435547,17.100000381469727,66.91300201416016
2016-03-15,7460.60009765625,1230.4000244140625,85.0443115234375,17.600000381469727,67.17400360107422
2016-03-16,7498.75,1229.300048828125,85.49132537841797,17.110000610351562,67.35900115966797
2016-03-17,7512.5498046875,1264.5,85.58541107177734,16.84000015258789,66.83000183105469
2016-03-18,7604.35009765625,1253.800048828125,85.7343521118164,16.3799991607666,66.61199951171875
2016-03-21,7704.25,1243.800048828125,85.49132537841797,16.329999923706055,66.3759994506836
2016-03-22,7714.89990234375,1248.199951171875,85.31095123291016,16.43000030517578,66.5199966430664
2016-03-23,7716.5,1223.699951171875,85.70301818847656,16.350000381469727,66.76399993896484
2016-03-24,,1221.4000244140625,85.61676788330078,,66.9020004272461
2016-03-25,,,,,66.90699768066406
2016-03-28,7615.10009765625,1219.9000244140625,85.7422103881836,17.489999771118164,66.90699768066406
2016-03-29,7597.0,1235.5999755859375,86.32241821289062,17.639999389648438,66.90699768066406
2016-03-30,7735.2001953125,1226.9000244140625,86.20484161376953,16.809999465942383,66.36799621582031
2016-03-31,7738.39990234375,1234.199951171875,86.51846313476562,16.579999923706055,66.36799621582031
2016-04-01,7713.0498046875,1222.199951171875,86.49330139160156,17.280000686645508,66.24800109863281
2016-04-04,7758.7998046875,1218.0,86.59546661376953,17.450000762939453,66.35800170898438
2016-04-05,7603.2001953125,1228.4000244140625,86.94095611572266,17.829999923706055,66.13300323486328
2016-04-06,7614.35009765625,1222.5,86.75247955322266,17.350000381469727,66.46800231933594
2016-04-07,7546.4501953125,1236.199951171875,87.20006561279297,16.93000030517578,66.53299713134766
2016-04-08,7555.2001953125,1242.5,87.06661224365234,16.43000030517578,66.77899932861328
2016-04-11,7671.39990234375,1256.699951171875,87.05088806152344,16.010000228881836,66.54399871826172
2016-04-12,7708.9501953125,1259.4000244140625,86.70532989501953,16.020000457763672,66.29000091552734
2016-04-13,7850.4501953125,1246.800048828125,86.76818084716797,16.040000915527344,66.31500244140625
2016-04-14,,1225.0,86.56407165527344,,66.5250015258789
2016-04-15,,1233.0999755859375,86.8231201171875,,66.63700103759766
2016-04-18,7914.7001953125,1233.5999755859375,86.73674011230469,16.950000762939453,66.65299987792969
2016-04-19,,1253.0,86.59546661376953,,66.40899658203125
2016-04-20,7914.75,1253.199951171875,86.1556167602539,17.079999923706055,66.22200012207031
2016-04-21,7912.0498046875,1249.0,86.01434326171875,16.510000228881836,66.2040023803711
2016-04-22,7899.2998046875,1228.699951171875,85.91999816894531,16.3799991607666,66.51200103759766
2016-04-25,7855.0498046875,1238.9000244140625,85.82586669921875,16.56999969482422,66.65299987792969
2016-04-26,7962.64990234375,1242.199951171875,85.64517974853516,16.579999923706055,66.70500183105469
2016-04-27,7979.89990234375,1249.199951171875,86.11637115478516,16.350000381469727,66.45700073242188
2016-04-28,7847.25,1265.5,86.41481018066406,16.600000381469727,66.3550033569336
2016-04-29,7849.7998046875,1289.199951171875,86.38336944580078,16.540000915527344,66.43800354003906
2016-05-02,7805.89990234375,1294.699951171875,86.13250732421875,17.09000015258789,66.41799926757812
2016-05-03,7747.0,1290.699951171875,86.6436538696289,17.459999084472656,66.37100219726562
2016-05-04,7706.5498046875,1273.300048828125,86.80098724365234,17.450000762939453,66.59200286865234
2016-05-05,7735.5,1271.4000244140625,87.03691101074219,17.170000076293945,66.62000274658203
2016-05-06,7733.4501953125,1292.9000244140625,86.83240509033203,16.950000762939453,66.60199737548828
2016-05-09,7866.0498046875,1265.5999755859375,86.99762725830078,16.610000610351562,66.59400177001953
2016-05-10,7887.7998046875,1263.9000244140625,86.98189544677734,16.420000076293945,66.72100067138672
2016-05-11,7848.85009765625,1274.5999755859375,87.11556243896484,16.959999084472656,66.66600036621094
2016-05-12,7900.39990234375,1270.300048828125,86.87964630126953,16.329999923706055,66.59100341796875
2016-05-13,7814.89990234375,1271.9000244140625,87.2099609375,17.0,66.7509994506836
2016-05-16,7860.75,1273.4000244140625,86.8953628540039,17.030000686645508,66.9000015258789
2016-05-17,7890.75,1276.199951171875,86.77741241455078,16.3700008392334,66.875
2016-05-18,7870.14990234375,1273.699951171875,86.07747650146484,16.450000762939453,66.86799621582031
2016-05-19,7783.39990234375,1254.199951171875,86.16393280029297,17.059999465942383,67.16000366210938
2016-05-20,7749.7001953125,1252.4000244140625,86.2190170288086,16.43000030517578,67.47699737548828
2016-05-23,7731.0498046875,1251.0999755859375,86.27408599853516,16.15999984741211,67.4229965209961
2016-05-24,7748.85009765625,1228.9000244140625,86.13250732421875,16.219999313354492,67.447998046875
2016-05-25,7934.89990234375,1223.5,86.09318542480469,15.520000457763672,67.6510009765625
2016-05-26,8069.64990234375,1220.0999755859375,86.36055755615234,15.329999923706055,67.30400085449219
2016-05-27,8156.64990234375,1213.800048828125,86.19542694091797,15.260000228881836,66.9540023803711
2016-05-30,8178.5,,,15.979999542236328,67.02400207519531
2016-05-31,8160.10009765625,1214.800048828125,86.29764556884766,16.049999237060547,67.13300323486328
2016-06-01,8179.9501953125,1211.9000244140625,86.26848602294922,15.84000015258789,67.23100280761719
2016-06-02,8218.9501953125,1209.800048828125,86.53632354736328,15.09000015258789,67.4260025024414
2016-06-03,8220.7998046875,1240.0999755859375,87.3396987915039,15.0,67.29199981689453
2016-06-06,8201.0498046875,1244.5999755859375,87.11128234863281,15.359999656677246,66.99199676513672
2016-06-07,8266.4501953125,1244.4000244140625,87.23728942871094,14.869999885559082,66.8010025024414
2016-06-08,8273.0498046875,1259.800048828125,87.3396987915039,15.140000343322754,66.76300048828125
2016-06-09,8203.599609375,1270.199951171875,87.47357177734375,15.670000076293945,66.51000213623047
2016-06-10,8170.0498046875,1273.4000244140625,87.7807846069336,15.970000267028809,66.74099731445312
2016-06-13,8110.60009765625,1284.4000244140625,87.95402526855469,16.579999923706055,66.94499969482422
2016-06-14,8108.85009765625,1285.5999755859375,87.93038940429688,17.190000534057617,67.15399932861328
2016-06-15,8206.599609375,1285.800048828125,88.19818878173828,17.059999465942383,67.2979965209961
2016-06-16,8140.75,1296.0999755859375,88.29273223876953,17.700000762939453,67.072998046875
2016-06-17,8170.2001953125,1292.5,87.9934310913086,17.350000381469727,67.30699920654297
2016-06-20,8238.5,1290.0,87.6153793334961,17.520000457763672,67.06600189208984
2016-06-21,8219.900390625,1270.5,87.4184341430664,17.260000228881836,67.12999725341797
2016-06-22,8203.7001953125,1268.0,87.59172821044922,18.18000030517578,67.60600280761719
2016-06-23,8270.4501953125,1261.199951171875,87.17425537109375,18.020000457763672,67.4219970703125
2016-06-24,8088.60009765625,1320.0,88.37933349609375,18.6299991607666,67.24199676513672
2016-06-27,8094.7001953125,1322.5,89.14335632324219,18.530000686645508,67.87699890136719
2016-06-28,8127.85009765625,1315.300048828125,89.12759399414062,17.729999542236328,67.9209976196289
2016-06-29,8204.0,1323.9000244140625,88.76530456542969,16.15999984741211,67.70500183105469
2016-06-30,8287.75,1318.4000244140625,88.96221923828125,16.290000915527344,67.41600036621094
2016-07-01,8328.349609375,1336.699951171875,89.19722747802734,15.739999771118164,67.5009994506836
2016-07-04,8370.7001953125,,,15.579999923706055,67.18199920654297
2016-07-05,8335.9501953125,1356.4000244140625,89.68624114990234,15.359999656677246,67.23699951171875
2016-07-06,,1364.9000244140625,89.7020034790039,,67.4260025024414
2016-07-07,8337.900390625,1360.0999755859375,89.5837173461914,15.3100004196167,67.4010009765625
2016-07-08,8323.2001953125,1356.5999755859375,89.75725555419922,15.079999923706055,67.49700164794922
2016-07-11,8467.900390625,1355.0,89.28400421142578,14.850000381469727,67.13200378417969
2016-07-12,8521.0498046875,1334.0999755859375,88.75555419921875,14.779999732971191,67.1449966430664
2016-07-13,8519.5,1342.4000244140625,88.9842529296875,15.329999923706055,66.87000274658203
2016-07-14,8565.0,1331.300048828125,88.61358642578125,15.609999656677246,67.00599670410156
2016-07-15,8541.400390625,1326.5,88.27440643310547,15.640000343322754,66.83799743652344
2016-07-18,8508.7001953125,1328.4000244140625,88.25077819824219,15.989999771118164,67.13300323486328
2016-07-19,8528.5498046875,1331.5,88.48738098144531,15.800000190734863,67.13899993896484
2016-07-20,8565.849609375,1318.800048828125,88.30599975585938,15.989999771118164,67.20600128173828
2016-07-21,8510.099609375,1330.5,88.50315856933594,15.710000038146973,67.16400146484375
2016-07-22,8541.2001953125,1323.0999755859375,88.43220520019531,15.5,67.15399932861328
2016-07-25,8635.650390625,1319.300048828125,88.3612060546875,15.720000267028809,67.14600372314453
2016-07-26,8590.650390625,1320.699951171875,88.41639709472656,15.619999885559082,67.40499877929688
2016-07-27,8615.7998046875,1326.5999755859375,88.79492950439453,15.430000305175781,67.28399658203125
2016-07-28,8666.2998046875,1332.300048828125,88.84233856201172,15.149999618530273,67.06300354003906
2016-07-29,8638.5,1349.0,89.18150329589844,14.920000076293945,67.00700378417969
2016-08-01,8636.5498046875,1351.4000244140625,88.87187194824219,15.180000305175781,66.64800262451172
2016-08-02,8622.900390625,1364.4000244140625,88.6585693359375,15.6899995803833,66.7509994506836
2016-08-03,8544.849609375,1356.0999755859375,88.70600128173828,16.239999771118164,66.6760025024414
2016-08-04,8551.099609375,1358.800048828125,88.91917419433594,15.140000343322754,66.76000213623047
2016-08-05,8683.150390625,1336.4000244140625,88.36636352539062,14.350000381469727,66.84100341796875
2016-08-08,8711.349609375,1333.4000244140625,88.31895446777344,14.59000015258789,66.83499908447266
2016-08-09,8678.25,1339.0,88.63488006591797,14.539999961853027,66.79399871826172
2016-08-10,8575.2998046875,1344.300048828125,88.87187194824219,14.920000076293945,66.78299713134766
2016-08-11,8592.150390625,1342.5,88.44530487060547,14.210000038146973,66.75800323486328
2016-08-12,,1335.800048828125,88.76129150390625,13.770000457763672,66.73999786376953
2016-08-15,,1340.300048828125,88.50059509277344,,66.89959716796875
2016-08-16,8642.5498046875,1350.5,88.3505630493164,14.180000305175781,66.86489868164062
2016-08-17,8624.0498046875,1342.699951171875,88.49275970458984,14.779999732971191,66.85769653320312
2016-08-18,8673.25,1351.199951171875,88.65067291259766,14.550000190734863,66.90550231933594
2016-08-19,8666.900390625,1340.4000244140625,88.3505630493164,14.539999961853027,66.81999969482422
2016-08-22,8629.150390625,1337.699951171875,88.54800415039062,14.239999771118164,67.12750244140625
2016-08-23,8632.599609375,1340.5999755859375,88.54012298583984,13.899999618530273,67.1874008178711
2016-08-24,8650.2998046875,1324.4000244140625,88.5085220336914,13.489999771118164,67.12999725341797
2016-08-25,8592.2001953125,1320.0999755859375,88.36636352539062,13.289999961853027,67.16000366210938
2016-08-26,8572.5498046875,1321.5,88.02670288085938,13.569999694824219,67.00559997558594
2016-08-29,8607.4501953125,1322.9000244140625,88.39006042480469,13.170000076293945,67.12899780273438
2016-08-30,8744.349609375,1311.699951171875,88.38219451904297,13.020000457763672,67.08999633789062
2016-08-31,8786.2001953125,1306.9000244140625,88.27947235107422,13.239999771118164,67.12660217285156
2016-09-01,8774.650390625,1312.199951171875,88.41790771484375,13.34000015258789,66.97470092773438
2016-09-02,8809.650390625,1322.0999755859375,88.18855285644531,12.9399995803833,66.79299926757812
2016-09-05,,,,,66.57279968261719
2016-09-06,8943.0,1349.4000244140625,88.59976959228516,12.75,66.45999908447266
2016-09-07,8917.9501953125,1344.300048828125,88.64725494384766,13.149999618530273,66.25520324707031
2016-09-08,8952.5,1336.800048828125,88.21226501464844,13.119999885559082,66.47160339355469
2016-09-09,8866.7001953125,1330.0999755859375,87.79304504394531,13.229999542236328,66.44999694824219
2016-09-12,8715.599609375,1321.0,87.87220764160156,15.239999771118164,66.77799987792969
2016-09-13,,1319.0,87.54790496826172,,66.7229995727539
2016-09-14,8726.599609375,1321.5,87.7455825805664,14.760000228881836,66.99500274658203
2016-09-15,8742.5498046875,1313.5,87.76934051513672,14.680000305175781,66.75810241699219
2016-09-16,8779.849609375,1305.800048828125,87.86424255371094,14.579999923706055,66.85030364990234
2016-09-19,8808.400390625,1313.5,87.71395874023438,14.9399995803833,67.06529998779297
2016-09-20,8775.900390625,1313.699951171875,87.8484115600586,14.779999732971191,66.9552001953125
2016-09-21,8777.150390625,1326.9000244140625,87.99079895019531,14.8100004196167,66.9749984741211
2016-09-22,8867.4501953125,1340.4000244140625,88.2518081665039,13.34000015258789,66.76119995117188
2016-09-23,8831.5498046875,1337.199951171875,88.2913589477539,13.25,66.62259674072266
2016-09-26,8723.0498046875,1339.699951171875,88.54446411132812,14.569999694824219,66.69650268554688
2016-09-27,8706.400390625,1325.9000244140625,88.69474029541016,14.25,66.60649871826172
2016-09-28,8745.150390625,1319.4000244140625,88.65515899658203,13.850000381469727,66.44129943847656
2016-09-29,8591.25,1321.699951171875,88.71051788330078,18.450000762939453,66.33280181884766
2016-09-30,8611.150390625,1313.300048828125,88.48906707763672,17.18000030517578,66.81629943847656
2016-10-03,8738.099609375,1309.0,88.28314971923828,15.619999885559082,66.54650115966797
2016-10-04,8769.150390625,1266.300048828125,87.87923431396484,14.989999771118164,66.38030242919922
2016-10-05,8743.9501953125,1265.199951171875,87.68122863769531,14.930000305175781,66.5780029296875
2016-10-06,8709.5498046875,1249.800048828125,87.49909210205078,14.84000015258789,66.56320190429688
2016-10-07,8697.599609375,1248.9000244140625,87.62582397460938,14.489999771118164,66.68710327148438
2016-10-10,8708.7998046875,,87.3961181640625,14.289999961853027,66.59120178222656
2016-10-11,,1253.0,87.37242126464844,,66.48509979248047
2016-10-12,,1251.0999755859375,87.37242126464844,,66.79850006103516
2016-10-13,8573.349609375,1255.0,87.5545425415039,15.430000305175781,66.81809997558594
2016-10-14,8583.400390625,1253.0999755859375,87.28521728515625,14.890000343322754,66.78399658203125
2016-10-17,8520.400390625,1254.4000244140625,87.47535705566406,15.65999984741211,66.7052993774414
2016-10-18,8677.900390625,1260.800048828125,87.64958953857422,14.539999961853027,66.78359985351562
2016-10-19,8659.099609375,1267.9000244140625,87.68917846679688,14.609999656677246,66.73799896240234
2016-10-20,8699.400390625,1265.5999755859375,87.60999298095703,14.170000076293945,66.63639831542969
2016-10-21,8693.0498046875,1265.9000244140625,87.7049789428711,13.829999923706055,66.84130096435547
2016-10-24,8708.9501953125,1262.0,87.58621978759766,14.329999923706055,66.91120147705078
2016-10-25,8691.2998046875,1271.9000244140625,87.57035064697266,14.479999542236328,66.83399963378906
2016-10-26,8615.25,1264.800048828125,87.38028717041016,14.449999809265137,66.78130340576172
2016-10-27,8615.25,1267.9000244140625,87.07930755615234,14.09000015258789,66.86399841308594
2016-10-28,8638.0,1275.5,87.09519958496094,14.649999618530273,66.90299987792969
2016-10-31,,1271.5,87.16642761230469,,66.78140258789062
2016-11-01,8626.25,1286.4000244140625,87.16962432861328,15.739999771118164,66.66549682617188
2016-11-02,8514.0,1306.800048828125,87.43133544921875,16.799999237060547,66.67849731445312
2016-11-03,8484.9501953125,1302.0999755859375,87.37582397460938,16.469999313354492,66.77749633789062
2016-11-04,8433.75,1303.300048828125,87.6455078125,16.850000381469727,66.68450164794922
2016-11-07,8497.0498046875,1278.300048828125,87.28064727783203,16.510000228881836,66.7853012084961
2016-11-08,8543.5498046875,1273.4000244140625,86.97132110595703,16.770000457763672,66.73500061035156
2016-11-09,8432.0,1272.5999755859375,85.6468734741211,16.6200008392334,66.22949981689453
2016-11-10,8525.75,1265.5,85.13139343261719,15.460000038146973,66.50749969482422
2016-11-11,8296.2998046875,,84.95686340332031,17.360000610351562,67.2145004272461
2016-11-14,,1221.199951171875,84.46512603759766,,67.54679870605469
2016-11-15,8108.4501953125,1224.0,84.46512603759766,20.149999618530273,67.77549743652344
2016-11-16,8111.60009765625,1223.4000244140625,84.54446411132812,19.5,67.74800109863281
2016-11-17,8079.9501953125,1216.5,84.17166137695312,18.709999084472656,67.98149871826172
2016-11-18,8074.10009765625,1208.5,83.79895782470703,17.809999465942383,67.97480010986328
2016-11-21,7929.10009765625,1209.5999755859375,83.87034606933594,19.100000381469727,68.16999816894531
2016-11-22,8002.2998046875,1211.0,83.94964599609375,18.469999313354492,68.21549987792969
2016-11-23,8033.2998046875,1189.0999755859375,83.64827728271484,18.040000915527344,68.385498046875
2016-11-24,7965.5,,,17.15999984741211,68.79850006103516
2016-11-25,8114.2998046875,1178.199951171875,83.57686614990234,17.610000610351562,68.74549865722656
2016-11-28,8126.89990234375,1190.5999755859375,83.95752716064453,18.059999465942383,68.50849914550781
2016-11-29,8142.14990234375,1187.9000244140625,84.04480743408203,17.709999084472656,68.55549621582031
2016-11-30,8224.5,1170.800048828125,83.48170471191406,16.850000381469727,68.60800170898438
2016-12-01,8192.900390625,1166.9000244140625,83.16321563720703,16.690000534057617,68.58799743652344
2016-12-02,8086.7998046875,1175.0999755859375,83.5364990234375,17.93000030517578,68.21649932861328
2016-12-05,8128.75,1174.0,83.50473022460938,17.290000915527344,68.0114974975586
2016-12-06,8143.14990234375,1167.5999755859375,83.5364990234375,17.110000610351562,68.01249694824219
2016-12-07,8102.0498046875,1175.0,83.81448364257812,16.850000381469727,67.72200012207031
2016-12-08,8246.849609375,1169.800048828125,83.49675750732422,15.529999732971191,67.43150329589844
2016-12-09,8261.75,1159.4000244140625,83.06793212890625,15.069999694824219,67.40599822998047
2016-12-12,8170.7998046875,1163.5,83.08380126953125,16.190000534057617,67.46050262451172
2016-12-13,8221.7998046875,1156.699951171875,83.13146209716797,15.920000076293945,67.41799926757812
2016-12-14,8182.4501953125,1161.300048828125,82.44048309326172,16.59000015258789,67.3864974975586
2016-12-15,8153.60009765625,1127.800048828125,82.2101821899414,15.65999984741211,67.81999969482422
2016-12-16,8139.4501953125,1135.300048828125,82.31340026855469,15.25,67.84500122070312
2016-12-19,8104.35009765625,1140.5,82.69466400146484,14.84000015258789,67.83499908447266
2016-12-20,8082.39990234375,1131.5,82.51995086669922,14.539999961853027,67.84020233154297
2016-12-21,8061.2998046875,1131.0999755859375,82.65492248535156,14.710000038146973,67.89700317382812
2016-12-22,7979.10009765625,1128.800048828125,82.61912536621094,15.550000190734863,67.82550048828125
2016-12-23,7985.75,1131.9000244140625,82.69869995117188,15.130000114440918,67.83799743652344
2016-12-26,7908.25,,,16.600000381469727,67.83080291748047
2016-12-27,8032.85009765625,1137.300048828125,82.579345703125,15.079999923706055,67.77200317382812
2016-12-28,8034.85009765625,1139.4000244140625,82.8816146850586,15.539999961853027,67.96800231933594
2016-12-29,8103.60009765625,1156.4000244140625,83.13619232177734,15.279999732971191,68.20500183105469
2016-12-30,8185.7998046875,1150.0,83.38278198242188,15.470000267028809,67.93299865722656
2017-01-02,8179.5,,,15.829999923706055,67.9448013305664
2017-01-03,8192.25,1160.4000244140625,83.34303283691406,15.960000038146973,68.13390350341797
2017-01-04,8190.5,1163.800048828125,83.43844604492188,15.890000343322754,68.2697982788086
2017-01-05,8273.7998046875,1179.699951171875,83.9793930053711,15.050000190734863,67.885498046875
2017-01-06,8243.7998046875,1171.9000244140625,83.59757232666016,14.90999984741211,67.73300170898438
2017-01-09,8236.0498046875,1183.5,83.91576385498047,15.479999542236328,68.1426010131836
2017-01-10,8288.599609375,1184.199951171875,83.87600708007812,15.199999809265137,68.09700012207031
2017-01-11,8380.650390625,1195.5999755859375,83.97144317626953,14.8100004196167,68.31800079345703
2017-01-12,8407.2001953125,1198.9000244140625,84.0191879272461,14.609999656677246,68.13999938964844
2017-01-13,8400.349609375,1195.300048828125,83.83625030517578,14.380000114440918,68.12950134277344
2017-01-16,8412.7998046875,,,15.069999694824219,68.15779876708984
2017-01-17,8398.0,1212.0,84.25779724121094,15.390000343322754,68.09459686279297
2017-01-18,8417.0,1211.300048828125,83.66122436523438,15.180000305175781,67.89949798583984
2017-01-19,8435.099609375,1200.9000244140625,83.34303283691406,15.020000457763672,68.197998046875
2017-01-20,8349.349609375,1204.300048828125,83.38278198242188,15.789999961853027,68.09030151367188
2017-01-23,8391.5,1215.0,83.82032012939453,15.90999984741211,68.07720184326172
2017-01-24,8475.7998046875,1210.300048828125,83.50212097167969,15.289999961853027,68.05139923095703
2017-01-25,8602.75,1197.300048828125,83.08843994140625,15.170000076293945,68.16449737548828
2017-01-26,,1189.5,83.1998519897461,,67.9729995727539
2017-01-27,8641.25,1188.0999755859375,83.3032455444336,16.010000228881836,68.14900207519531
2017-01-30,8632.75,1193.199951171875,83.2793960571289,16.670000076293945,68.11000061035156
2017-01-31,8561.2998046875,1208.5999755859375,83.56576538085938,16.829999923706055,67.82099914550781
2017-02-01,8716.400390625,1205.5999755859375,83.40563201904297,13.970000267028809,67.50160217285156
2017-02-02,8734.25,1216.699951171875,83.4374771118164,13.520000457763672,67.39540100097656
2017-02-03,8740.9501953125,1218.5,83.501220703125,13.130000114440918,67.2656021118164
2017-02-06,8801.0498046875,1230.0,83.89956665039062,13.399999618530273,67.15730285644531
2017-02-07,8768.2998046875,1234.199951171875,84.0509262084961,13.510000228881836,67.19529724121094
2017-02-08,8769.0498046875,1237.5999755859375,84.39356231689453,13.350000381469727,67.34049987792969
2017-02-09,8778.400390625,1235.0999755859375,83.89163970947266,13.239999771118164,66.96430206298828
2017-02-10,8793.5498046875,1234.4000244140625,83.8358383178711,13.180000305175781,66.74530029296875
2017-02-13,8805.0498046875,1224.4000244140625,83.7083511352539,13.6899995803833,66.84369659423828
2017-02-14,8792.2998046875,1223.9000244140625,83.40563201904297,13.800000190734863,66.91539764404297
2017-02-15,8724.7001953125,1231.699951171875,83.24628448486328,14.210000038146973,66.7759017944336
2017-02-16,8778.0,1240.0,83.58087158203125,13.729999542236328,66.8655014038086
2017-02-17,8821.7001953125,1237.5999755859375,83.80397033691406,13.430000305175781,67.16480255126953
2017-02-20,8879.2001953125,,,13.609999656677246,67.06520080566406
2017-02-21,8907.849609375,1237.5,83.7641372680664,13.529999732971191,66.96499633789062
2017-02-22,8926.900390625,1232.0,83.89956665039062,13.699999809265137,66.96510314941406
2017-02-23,8939.5,1250.199951171875,84.12266540527344,13.399999618530273,66.91429901123047
2017-02-24,,1256.9000244140625,84.51305389404297,,66.68280029296875
2017-02-27,8896.7001953125,1257.4000244140625,84.21028137207031,13.680000305175781,66.63500213623047
2017-02-28,8879.599609375,1252.5999755859375,84.17044830322266,13.789999961853027,66.69319915771484
2017-03-01,8945.7998046875,1248.9000244140625,83.58411407470703,13.579999923706055,66.7051010131836
2017-03-02,8899.75,1231.9000244140625,83.3447494506836,13.359999656677246,66.85800170898438
2017-03-03,8897.5498046875,1225.5,83.42450714111328,13.350000381469727,66.84510040283203
2017-03-06,8963.4501953125,1224.5,83.4085693359375,13.640000343322754,66.77300262451172
2017-03-07,8946.900390625,1215.0999755859375,83.28888702392578,13.880000114440918,66.66470336914062
2017-03-08,8924.2998046875,1208.5,83.00967407226562,14.079999923706055,66.61620330810547
2017-03-09,8927.0,1202.4000244140625,82.77828216552734,14.390000343322754,66.76499938964844
2017-03-10,8934.5498046875,1200.699951171875,82.95384979248047,13.960000038146973,66.68049621582031
2017-03-13,,1202.4000244140625,82.74637603759766,,66.48500061035156
2017-03-14,9087.0,1201.9000244140625,82.83414459228516,12.399999618530273,66.17009735107422
2017-03-15,9084.7998046875,1200.0999755859375,83.5601577758789,12.420000076293945,65.77510070800781
2017-03-16,9153.7001953125,1226.5,83.32875061035156,11.90999984741211,65.62049865722656
2017-03-17,9160.0498046875,1229.800048828125,83.55215454101562,11.850000381469727,65.40450286865234
2017-03-20,9126.849609375,1233.5999755859375,83.75159454345703,12.020000457763672,65.46810150146484
2017-03-21,9121.5,1246.0999755859375,84.03080749511719,11.9399995803833,65.33529663085938
2017-03-22,9030.4501953125,1249.300048828125,84.19039916992188,12.270000457763672,65.49500274658203
2017-03-23,9086.2998046875,1246.9000244140625,84.10261535644531,11.84000015258789,65.36499786376953
2017-03-24,9108.0,1248.199951171875,84.1505355834961,11.979999542236328,65.44439697265625
2017-03-27,9045.2001953125,1255.4000244140625,84.35794067382812,12.4399995803833,65.39309692382812
2017-03-28,9100.7998046875,1255.300048828125,84.0707015991211,12.119999885559082,65.04499816894531
2017-03-29,9143.7998046875,1253.4000244140625,84.31005859375,12.09000015258789,65.11000061035156
2017-03-30,9173.75,1245.0,84.0707015991211,12.149999618530273,64.77999877929688
2017-03-31,9173.75,1247.300048828125,84.23827362060547,12.420000076293945,64.79000091552734
2017-04-03,9237.849609375,1250.800048828125,84.65296936035156,11.489999771118164,64.79669952392578
2017-04-04,,1255.0,84.5330810546875,,64.87750244140625
2017-04-05,9265.150390625,1245.4000244140625,84.69288635253906,11.550000190734863,65.05000305175781
2017-04-06,9261.9501953125,1250.300048828125,84.63694763183594,11.289999961853027,65.04000091552734
2017-04-07,9198.2998046875,1254.300048828125,84.3812484741211,11.6899995803833,64.58000183105469
2017-04-10,9181.4501953125,1251.0999755859375,84.5330810546875,11.619999885559082,64.26000213623047
2017-04-11,9237.0,1271.199951171875,84.92457580566406,11.399999618530273,64.57499694824219
2017-04-12,9203.4501953125,1275.300048828125,85.18829345703125,11.630000114440918,64.62999725341797
2017-04-13,9150.7998046875,1285.9000244140625,85.44393920898438,11.579999923706055,64.5
2017-04-14,,,,,64.44999694824219
2017-04-17,9139.2998046875,1289.4000244140625,85.30810546875,11.890000343322754,64.45369720458984
2017-04-18,9105.150390625,1291.699951171875,85.79549407958984,12.380000114440918,64.4083023071289
2017-04-19,9103.5,1281.4000244140625,85.57176208496094,12.220000267028809,64.56999969482422
2017-04-20,9136.400390625,1281.9000244140625,85.38001251220703,11.5600004196167,64.64669799804688
2017-04-21,9119.400390625,1287.4000244140625,85.41997528076172,11.420000076293945,64.66000366210938
2017-04-24,9217.9501953125,1275.800048828125,85.24417877197266,11.630000114440918,64.63999938964844
2017-04-25,9306.599609375,1265.5999755859375,84.8047103881836,11.15999984741211,64.38999938964844
2017-04-26,9351.849609375,1262.0999755859375,85.0284423828125,11.739999771118164,64.3499984741211
2017-04-27,9342.150390625,1263.699951171875,85.08438110351562,11.069999694824219,64.0199966430664
2017-04-28,9304.0498046875,1266.0999755859375,85.17227172851562,10.859999656677246,64.05999755859375
2017-05-01,,1253.300048828125,84.98822021484375,,64.25830078125
2017-05-02,9313.7998046875,1255.0999755859375,85.16427612304688,11.449999809265137,64.18000030517578
2017-05-03,9311.9501953125,1246.4000244140625,84.98822021484375,11.529999732971191,64.06999969482422
2017-05-04,9359.900390625,1226.5,84.79613494873047,11.329999923706055,64.20999908447266
2017-05-05,9285.2998046875,1224.800048828125,84.8122329711914,11.989999771118164,64.16999816894531
2017-05-08,9314.0498046875,1225.300048828125,84.60411834716797,11.670000076293945,64.30799865722656
2017-05-09,9316.849609375,1214.300048828125,84.50811004638672,11.109999656677246,64.41179656982422
2017-05-10,9407.2998046875,1217.300048828125,84.47606658935547,10.949999809265137,64.63999938964844
2017-05-11,9422.400390625,1222.699951171875,84.54011535644531,10.84000015258789,64.55000305175781
2017-05-12,9400.900390625,1226.199951171875,84.97219848632812,10.630000114440918,64.36000061035156
2017-05-15,9445.400390625,1228.5999755859375,84.916259765625,10.680000305175781,64.16549682617188
2017-05-16,9512.25,1235.0,85.02822875976562,10.5600004196167,64.03829956054688
2017-05-17,9525.75,1257.5,85.7083969116211,10.640000343322754,63.900001525878906
2017-05-18,9429.4501953125,1251.699951171875,85.68437957763672,11.789999961853027,64.2300033569336
2017-05-19,9427.900390625,1252.699951171875,85.66036987304688,11.300000190734863,64.87110137939453
2017-05-22,9438.25,1260.699951171875,85.5643539428711,11.199999809265137,64.44850158691406
2017-05-23,9386.150390625,1254.800048828125,85.34032440185547,12.199999809265137,64.50019836425781
2017-05-24,9360.5498046875,1252.4000244140625,85.51634979248047,11.829999923706055,64.88520050048828
2017-05-25,9509.75,1255.800048828125,85.5643539428711,10.449999809265137,64.76010131835938
2017-05-26,9595.099609375,1267.5999755859375,85.62040710449219,10.859999656677246,64.54540252685547
2017-05-29,9604.900390625,,,11.789999961853027,64.51319885253906
2017-05-30,9624.5498046875,1262.0999755859375,85.83639526367188,11.770000457763672,64.50859832763672
2017-05-31,9621.25,1272.0,85.87643432617188,11.760000228881836,64.61859893798828
2017-06-01,9616.099609375,1267.0,85.83154296875,11.3100004196167,64.5000991821289
2017-06-02,9653.5,1276.800048828125,86.20820617675781,10.8100004196167,64.37229919433594
2017-06-05,9675.099609375,1279.300048828125,86.06397247314453,11.020000457763672,64.40499877929688
2017-06-06,9637.150390625,1294.4000244140625,86.33645629882812,11.130000114440918,64.34400177001953
2017-06-07,9663.900390625,1290.0999755859375,86.17616271972656,10.890000343322754,64.42050170898438
2017-06-08,9647.25,1276.300048828125,86.03992462158203,11.069999694824219,64.41829681396484
2017-06-09,9668.25,1268.5,85.95977020263672,10.859999656677246,64.243896484375
2017-06-12,9616.400390625,1266.0999755859375,85.94377899169922,11.420000076293945,64.37699890136719
2017-06-13,9606.900390625,1265.800048828125,85.975830078125,11.34000015258789,64.46910095214844
2017-06-14,9618.150390625,1272.800048828125,86.42459869384766,11.180000305175781,64.35749816894531
2017-06-15,9578.0498046875,1252.199951171875,86.27233123779297,11.329999923706055,64.16580200195312
2017-06-16,9588.0498046875,1254.0,86.32044219970703,10.920000076293945,64.55999755859375
2017-06-19,9657.5498046875,1244.199951171875,86.08000946044922,10.630000114440918,64.3949966430664
2017-06-20,9653.5,1241.0,86.29639434814453,10.65999984741211,64.48760223388672
2017-06-21,9633.599609375,1243.4000244140625,86.28837585449219,10.920000076293945,64.53050231933594
2017-06-22,9630.0,1247.5999755859375,86.3685302734375,11.210000038146973,64.5416030883789
2017-06-23,9574.9501953125,1256.199951171875,86.39256286621094,11.5600004196167,64.59100341796875
2017-06-26,,1246.300048828125,86.46465301513672,,64.49800109863281
2017-06-27,9511.400390625,1246.4000244140625,86.03992462158203,12.510000228881836,64.42130279541016
2017-06-28,9491.25,1248.0,85.95977020263672,11.989999771118164,64.5248031616211
2017-06-29,9504.099609375,1244.199951171875,85.63922119140625,11.380000114440918,64.51190185546875
2017-06-30,9520.900390625,1240.699951171875,85.43887329101562,11.729999542236328,64.78510284423828
2017-07-03,9615.0,1217.9000244140625,85.12509155273438,11.199999809265137,64.60679626464844
2017-07-04,9613.2998046875,,,11.279999732971191,64.84269714355469
2017-07-05,9637.599609375,1220.4000244140625,85.18923950195312,11.149999618530273,64.7688980102539
2017-07-06,9674.5498046875,1222.199951171875,85.02873992919922,10.979999542236328,64.79139709472656
2017-07-07,9665.7998046875,1208.5999755859375,84.89224243164062,10.869999885559082,64.71330261230469
2017-07-10,9771.0498046875,1212.0999755859375,85.0046615600586,10.90999984741211,64.61170196533203
2017-07-11,9786.0498046875,1213.5999755859375,85.11701965332031,10.890000343322754,
2017-07-12,9816.099609375,1218.0999755859375,85.3658218383789,11.050000190734863,64.52559661865234
2017-07-13,9891.7001953125,1216.300048828125,85.27753448486328,11.25,64.36499786376953
2017-07-14,9886.349609375,1226.5999755859375,85.39791870117188,11.170000076293945,64.42579650878906
2017-07-17,9915.9501953125,1232.800048828125,85.50228118896484,11.460000038146973,64.26730346679688
2017-07-18,9827.150390625,1241.0999755859375,85.81527709960938,11.489999771118164,64.33000183105469
2017-07-19,9899.599609375,1241.199951171875,85.81527709960938,11.260000228881836,64.3062973022461
2017-07-20,9873.2998046875,1244.800048828125,85.8393783569336,11.319999694824219,64.26329803466797
2017-07-21,9915.25,1254.300048828125,85.99186706542969,11.09000015258789,64.32499694824219
2017-07-24,9966.400390625,1253.9000244140625,85.93570709228516,11.3100004196167,64.46109771728516
2017-07-25,9964.5498046875,1251.699951171875,85.45413208007812,10.90999984741211,64.36509704589844
2017-07-26,10020.650390625,1249.0,85.72698974609375,11.170000076293945,64.4469985961914
2017-07-27,10020.5498046875,1259.5999755859375,85.59053039550781,11.220000267028809,64.3447036743164
2017-07-28,10014.5,1268.4000244140625,85.73501586914062,11.140000343322754,64.18499755859375
2017-07-31,10077.099609375,1266.5999755859375,85.75912475585938,11.899999618530273,64.12349700927734
2017-08-01,10114.650390625,1272.5999755859375,85.97213745117188,11.90999984741211,64.18949890136719
2017-08-02,10081.5,1271.800048828125,85.8917236328125,11.9399995803833,64.05580139160156
2017-08-03,10013.650390625,1267.800048828125,86.18917846679688,11.640000343322754,63.64059829711914
2017-08-04,10066.400390625,1258.300048828125,85.9560317993164,11.390000343322754,63.696998596191406
2017-08-07,10057.400390625,1258.199951171875,86.0042724609375,11.899999618530273,63.66510009765625
2017-08-08,9978.5498046875,1256.4000244140625,85.93196105957031,12.770000457763672,63.830101013183594
2017-08-09,9908.0498046875,1273.0,86.03646087646484,13.449999809265137,63.70289993286133
2017-08-10,9820.25,1283.699951171875,86.35795593261719,13.800000190734863,63.887699127197266
2017-08-11,9710.7998046875,1287.699951171875,86.45439910888672,15.199999809265137,64.13860321044922
2017-08-14,9794.150390625,1284.199951171875,86.24542236328125,14.380000114440918,64.08100128173828
2017-08-15,,1273.699951171875,85.98822784423828,,64.17430114746094
2017-08-16,9897.2998046875,1276.9000244140625,86.14899444580078,14.239999771118164,64.26300048828125
2017-08-17,9904.150390625,1286.4000244140625,86.45439910888672,14.34000015258789,64.1604995727539
2017-08-18,9837.400390625,1285.699951171875,86.47055053710938,14.569999694824219,64.18890380859375
2017-08-21,9754.349609375,1290.800048828125,86.52677917480469,14.819999694824219,64.07589721679688
2017-08-22,9765.5498046875,1285.0999755859375,86.35795593261719,14.109999656677246,64.15750122070312
2017-08-23,9852.5,1288.9000244140625,86.6553955078125,13.180000305175781,64.05750274658203
2017-08-24,9857.0498046875,1286.5,86.51876068115234,12.569999694824219,64.00499725341797
2017-08-25,,1292.5,86.66345977783203,,64.03500366210938
2017-08-28,9912.7998046875,1309.699951171875,86.74386596679688,12.640000343322754,63.99549865722656
2017-08-29,9796.0498046875,1313.0999755859375,86.94477844238281,13.539999961853027,63.78929901123047
2017-08-30,9884.400390625,1308.0999755859375,86.87242889404297,12.890000343322754,63.98680114746094
2017-08-31,9917.900390625,1316.199951171875,87.00909423828125,11.949999809265137,63.976200103759766
2017-09-01,9974.400390625,1324.5,86.75311279296875,11.680000305175781,63.91189956665039
2017-09-04,9912.849609375,,,13.170000076293945,64.0155029296875
2017-09-05,9952.2001953125,1339.199951171875,87.35690307617188,12.890000343322754,64.02629852294922
2017-09-06,9916.2001953125,1333.9000244140625,87.14759063720703,13.119999885559082,64.0999984741211
2017-09-07,9929.900390625,1345.0999755859375,87.52595520019531,13.010000228881836,64.0154037475586
2017-09-08,9934.7998046875,1346.0,87.46151733398438,12.960000038146973,63.95009994506836
2017-09-11,10006.0498046875,1331.0,86.9624252319336,12.359999656677246,63.930999755859375
2017-09-12,10093.0498046875,1328.0,86.75311279296875,11.760000228881836,63.97999954223633
2017-09-13,10079.2998046875,1323.4000244140625,86.57599639892578,11.760000228881836,63.98759841918945
2017-09-14,10086.599609375,1324.699951171875,86.59207153320312,11.470000267028809,64.11509704589844
2017-09-15,10085.400390625,1320.4000244140625,86.69676971435547,11.680000305175781,64.15499877929688
2017-09-18,10153.099609375,1306.300048828125,86.35859680175781,11.4399995803833,64.12020111083984
2017-09-19,10147.5498046875,1306.199951171875,86.26205444335938,11.470000267028809,64.2146987915039
2017-09-20,10141.150390625,1312.0,86.09297943115234,11.630000114440918,64.29869842529297
2017-09-21,10121.900390625,1290.5999755859375,85.980224609375,11.630000114440918,64.28369903564453
2017-09-22,9964.400390625,1293.300048828125,86.13317108154297,12.8100004196167,64.80229949951172
2017-09-25,9872.599609375,1306.800048828125,86.39077758789062,13.34000015258789,64.89099884033203
2017-09-26,9871.5,1297.0,86.31840515136719,12.930000305175781,65.26509857177734
2017-09-27,9735.75,1283.4000244140625,85.8755874633789,13.859999656677246,65.3499984741211
2017-09-28,9768.9501953125,1285.5,85.85946655273438,13.170000076293945,65.5250015258789
2017-09-29,9788.599609375,1281.5,85.75482177734375,12.489999771118164,65.36000061035156
2017-10-02,,1272.699951171875,85.65727233886719,,65.29329681396484
2017-10-03,9859.5,1271.5,85.7781982421875,12.460000038146973,65.57170104980469
2017-10-04,9914.900390625,1273.699951171875,85.75399780273438,11.800000190734863,65.44309997558594
2017-10-05,9888.7001953125,1269.9000244140625,85.6653060913086,11.710000038146973,65.01950073242188
2017-10-06,9979.7001953125,1271.5999755859375,85.5605239868164,11.119999885559082,65.20999908447266
2017-10-09,9988.75,1281.800048828125,85.65727233886719,11.390000343322754,65.41419982910156
2017-10-10,10016.9501953125,1290.5999755859375,85.68950653076172,11.109999656677246,65.41459655761719
2017-10-11,9984.7998046875,1285.800048828125,85.78631591796875,11.729999542236328,65.23889923095703
2017-10-12,10096.400390625,1293.300048828125,85.86690521240234,11.039999961853027,65.20539855957031
2017-10-13,10167.4501953125,1301.5,86.15718078613281,11.260000228881836,65.0459976196289
2017-10-16,10230.849609375,1299.9000244140625,86.01199340820312,11.3100004196167,64.6729965209961
2017-10-17,10234.4501953125,1283.0,85.97976684570312,11.609999656677246,64.6946029663086
2017-10-18,10210.849609375,1279.9000244140625,85.76211547851562,11.539999961853027,64.92870330810547
2017-10-19,10146.5498046875,1286.9000244140625,85.85079193115234,12.399999618530273,65.04010009765625
2017-10-20,,1277.4000244140625,85.49602508544922,,64.90460205078125
2017-10-23,10184.849609375,1277.699951171875,85.57667541503906,12.329999923706055,65.1041030883789
2017-10-24,10207.7001953125,1275.0,85.31861877441406,11.59000015258789,65.03489685058594
2017-10-25,10295.349609375,1275.4000244140625,85.18153381347656,11.760000228881836,65.07949829101562
2017-10-26,10343.7998046875,1266.300048828125,85.06869506835938,11.619999885559082,64.83999633789062
2017-10-27,10323.0498046875,1268.5,85.34282684326172,11.479999542236328,64.5999984741211
2017-10-30,10363.650390625,1274.0999755859375,85.64921569824219,12.109999656677246,64.87339782714844
2017-10-31,10335.2998046875,1267.0,85.59275817871094,12.4399995803833,64.84239959716797
2017-11-01,10440.5,1274.0999755859375,85.64446258544922,12.140000343322754,64.67009735107422
2017-11-02,10423.7998046875,1274.9000244140625,85.75750732421875,12.010000228881836,64.55509948730469
2017-11-03,10452.5,1266.5,85.89479064941406,11.90999984741211,64.50050354003906
2017-11-06,10451.7998046875,1279.4000244140625,85.99971771240234,13.020000457763672,64.69339752197266
2017-11-07,10350.150390625,1273.699951171875,86.03203582763672,13.239999771118164,64.59089660644531
2017-11-08,10303.150390625,1281.5999755859375,85.9271011352539,13.609999656677246,65.16449737548828
2017-11-09,10308.9501953125,1285.5999755859375,85.89479064941406,13.270000457763672,64.9104995727539
2017-11-10,10321.75,1272.4000244140625,85.45868682861328,13.479999542236328,64.96800231933594
2017-11-13,10224.9501953125,1277.300048828125,85.4183578491211,14.050000190734863,65.1603012084961
2017-11-14,10186.599609375,1281.5,85.53948974609375,14.170000076293945,65.43840026855469
2017-11-15,10118.0498046875,1276.5,85.84630584716797,14.270000457763672,65.41339874267578
2017-11-16,10214.75,1277.4000244140625,85.62830352783203,13.460000038146973,
2017-11-17,10283.599609375,1295.800048828125,85.74131774902344,13.710000038146973,65.20999908447266
2017-11-20,10298.75,1274.5999755859375,85.60404968261719,13.430000305175781,64.90499877929688
2017-11-21,10326.900390625,1281.0999755859375,85.62024688720703,13.720000267028809,65.0250015258789
2017-11-22,10342.2998046875,1291.5999755859375,85.89479064941406,14.039999961853027,64.76129913330078
2017-11-23,10348.75,,,13.869999885559082,64.7699966430664
2017-11-24,10389.7001953125,1286.699951171875,85.82210540771484,13.510000228881836,64.57939910888672
2017-11-27,10399.5498046875,1293.800048828125,85.878662109375,13.029999732971191,64.54499816894531
2017-11-28,10370.25,1294.699951171875,85.89479064941406,13.149999618530273,64.43389892578125
2017-11-29,10361.2998046875,1282.0999755859375,85.62024688720703,13.0600004196167,64.47000122070312
2017-11-30,10226.5498046875,1273.199951171875,85.35369110107422,13.550000190734863,64.41480255126953
2017-12-01,10121.7998046875,1278.800048828125,85.6691665649414,14.800000190734863,64.49939727783203
2017-12-04,10127.75,1274.300048828125,85.62874603271484,14.859999656677246,64.50900268554688
2017-12-05,10118.25,1261.5999755859375,85.69342041015625,15.010000228881836,64.35140228271484
2017-12-06,10044.099609375,1262.800048828125,85.87134552001953,15.09000015258789,64.35690307617188
2017-12-07,10166.7001953125,1249.800048828125,85.7176742553711,14.270000457763672,64.51519775390625
2017-12-08,10265.650390625,1245.199951171875,85.65298461914062,13.670000076293945,64.54239654541016
2017-12-11,10322.25,1243.699951171875,85.59636688232422,14.149999618530273,64.4729995727539
2017-12-12,10240.150390625,1238.5,85.5235595703125,15.260000228881836,64.3499984741211
2017-12-13,10192.9501953125,1245.4000244140625,85.87134552001953,15.949999809265137,64.55000305175781
2017-12-14,10252.099609375,1253.800048828125,85.83899688720703,16.40999984741211,64.31999969482422
2017-12-15,10333.25,1254.300048828125,85.82281494140625,14.9399995803833,64.2750015258789
2017-12-18,10388.75,1262.199951171875,85.62874603271484,13.119999885559082,64.07230377197266
2017-12-19,10463.2001953125,1260.699951171875,85.24049377441406,12.1899995803833,64.20010375976562
2017-12-20,10444.2001953125,1266.0999755859375,84.98979949951172,12.1899995803833,64.04759979248047
2017-12-21,10440.2998046875,1267.300048828125,85.04975128173828,12.09000015258789,63.96500015258789
2017-12-22,10493.0,1275.4000244140625,85.08214569091797,11.59000015258789,64.00969696044922
2017-12-25,,,,,64.00779724121094
2017-12-26,10531.5,1284.0999755859375,85.11454772949219,12.050000190734863,64.010498046875
2017-12-27,10490.75,1287.0,85.47904968261719,12.489999771118164,64.0281982421875
2017-12-28,10477.900390625,1294.0999755859375,85.37374114990234,12.300000190734863,64.11499786376953
2017-12-29,10530.7001953125,1306.300048828125,85.51144409179688,12.670000076293945,64.06199645996094
2018-01-01,,,,13.350000381469727,63.84080123901367
2018-01-02,10442.2001953125,1313.699951171875,85.22795104980469,13.6899995803833,63.86759948730469
2018-01-03,10443.2001953125,1316.199951171875,85.31707000732422,13.619999885559082,63.459999084472656
2018-01-04,10504.7998046875,1319.4000244140625,85.27656555175781,13.420000076293945,63.41910171508789
2018-01-05,10558.849609375,1320.300048828125,85.17127990722656,13.109999656677246,63.369598388671875
2018-01-08,10623.599609375,1318.5999755859375,85.13078308105469,13.739999771118164,63.26499938964844
2018-01-09,10637.0,1311.699951171875,84.72572326660156,13.850000381469727,63.45199966430664
2018-01-10,10632.2001953125,1317.4000244140625,84.70142364501953,14.039999961853027,63.63610076904297
2018-01-11,10651.2001953125,1320.5999755859375,84.75818634033203,14.010000228881836,63.7599983215332
2018-01-12,10681.25,1333.4000244140625,84.70142364501953,13.729999542236328,63.67210006713867
2018-01-15,10741.5498046875,,,14.3100004196167,63.5885009765625
2018-01-16,10700.4501953125,1335.4000244140625,84.74197387695312,14.09000015258789,63.52119827270508
2018-01-17,10788.5498046875,1338.0,84.55563354492188,13.859999656677246,63.994300842285156
2018-01-18,10817.0,1326.0,84.28836059570312,13.960000038146973,63.82500076293945
2018-01-19,10894.7001953125,1331.9000244140625,84.06966400146484,13.979999542236328,63.86759948730469
2018-01-22,10966.2001953125,1330.9000244140625,84.0372543334961,15.390000343322754,63.83209991455078
2018-01-23,11083.7001953125,1335.699951171875,84.28025817871094,16.229999542236328,63.88010025024414
2018-01-24,11086.0,1355.9000244140625,84.1182632446289,18.040000915527344,63.7504997253418
2018-01-25,11069.650390625,1362.4000244140625,84.3045654296875,17.510000228881836,63.57789993286133
2018-01-26,,1351.5999755859375,84.05343627929688,,63.57310104370117
2018-01-29,11130.400390625,,83.84282684326172,17.889999389648438,63.56999969482422
2018-01-30,11049.650390625,1335.4000244140625,83.64845275878906,16.420000076293945,63.66939926147461
2018-01-31,11027.7001953125,1339.0,83.6727523803711,15.930000305175781,63.769901275634766
2018-02-01,11016.900390625,1344.300048828125,83.24113464355469,14.109999656677246,63.665000915527344
2018-02-02,10760.599609375,1333.699951171875,82.93285369873047,15.25,63.974998474121094
2018-02-05,10666.5498046875,1333.0,83.61432647705078,16.049999237060547,64.13249969482422
2018-02-06,10498.25,1326.0999755859375,83.24923706054688,20.020000457763672,64.314697265625
2018-02-07,10476.7001953125,1311.5999755859375,83.00585174560547,19.469999313354492,63.97999954223633
2018-02-08,10576.849609375,1316.9000244140625,83.07888793945312,17.770000457763672,64.19999694824219
2018-02-09,10454.9501953125,1313.0999755859375,82.93285369873047,19.229999542236328,64.44049835205078
2018-02-12,10539.75,1324.199951171875,82.90850067138672,17.8799991607666,64.2113037109375
2018-02-13,,1328.0999755859375,83.04645538330078,,64.28350067138672
2018-02-14,10500.900390625,1355.5,82.54342651367188,17.18000030517578,64.2500991821289
2018-02-15,10545.5,1352.0999755859375,82.56768035888672,16.31999969482422,64.02519989013672
2018-02-16,10452.2998046875,1353.199951171875,82.76243591308594,16.3799991607666,63.890899658203125
2018-02-19,10378.400390625,,,16.670000076293945,64.37999725341797
2018-02-20,10360.400390625,1328.800048828125,82.6731948852539,16.8700008392334,64.50499725341797
2018-02-21,10397.4501953125,1330.0,82.42984771728516,15.920000076293945,64.86499786376953
2018-02-22,10382.7001953125,1330.5999755859375,82.54342651367188,14.829999923706055,64.8949966430664
2018-02-23,10491.0498046875,1328.199951171875,82.85977935791016,14.199999809265137,64.95140075683594
2018-02-26,10582.599609375,1330.699951171875,82.95718383789062,13.699999809265137,64.7030029296875
2018-02-27,10554.2998046875,1315.5,82.69757080078125,13.920000076293945,64.78040313720703
2018-02-28,10492.849609375,1315.5,82.89228057861328,13.8100004196167,64.91000366210938
2018-03-01,10458.349609375,1302.9000244140625,83.24897766113281,14.069999694824219,65.23999786376953
2018-03-02,,1321.0999755859375,82.94020080566406,,65.1500015258789
2018-03-05,10358.849609375,1318.0999755859375,82.83458709716797,15.399999618530273,65.18669891357422
2018-03-06,10249.25,1333.5999755859375,82.82649993896484,16.25,65.00370025634766
2018-03-07,10154.2001953125,1326.0,82.82649993896484,15.699999809265137,64.88999938964844
2018-03-08,10242.650390625,1319.9000244140625,82.9970932006836,14.59000015258789,64.89119720458984
2018-03-09,10226.849609375,1322.4000244140625,82.81829833984375,14.529999732971191,65.09040069580078
2018-03-12,10421.400390625,1319.4000244140625,83.01333618164062,14.489999771118164,64.96489715576172
2018-03-13,10426.849609375,1325.9000244140625,83.15149688720703,14.460000038146973,64.94550323486328
2018-03-14,10410.900390625,1324.4000244140625,83.3139877319336,14.359999656677246,64.8281021118164
2018-03-15,10360.150390625,1316.800048828125,83.2814712524414,14.329999923706055,64.83679962158203
2018-03-16,10195.150390625,1311.300048828125,83.1839828491211,15.220000267028809,65.01439666748047
2018-03-19,10094.25,1316.800048828125,83.1027603149414,15.819999694824219,65.06500244140625
2018-03-20,10124.349609375,1311.0999755859375,82.94020080566406,15.609999656677246,65.21009826660156
2018-03-21,10155.25,1320.699951171875,82.9970932006836,15.109999656677246,65.2323989868164
2018-03-22,10114.75,1326.5999755859375,83.33838653564453,15.25,65.06559753417969
2018-03-23,9998.0498046875,1349.300048828125,83.45211791992188,15.550000190734863,65.16000366210938
2018-03-26,10130.650390625,1354.4000244140625,83.22460174560547,15.199999809265137,65.01499938964844
2018-03-27,10184.150390625,1341.300048828125,83.6958999633789,15.550000190734863,64.69499969482422
2018-03-28,10113.7001953125,1324.199951171875,83.67965698242188,15.760000228881836,64.89550018310547
2018-03-29,,1322.800048828125,83.85028076171875,,65.14920043945312
2018-03-30,,,,,65.02999877929688
2018-04-02,10211.7998046875,1342.0999755859375,83.93575286865234,15.350000381469727,65.10549926757812
2018-04-03,10245.0,1332.800048828125,83.66716766357422,15.1899995803833,65.13999938964844
2018-04-04,10128.400390625,1335.800048828125,83.61833190917969,16.34000015258789,64.90499877929688
2018-04-05,10325.150390625,1324.300048828125,83.40668487548828,14.800000190734863,64.99500274658203
2018-04-06,10331.599609375,1331.9000244140625,83.77299499511719,14.75,64.86150360107422
2018-04-09,10379.349609375,1336.300048828125,83.78922271728516,14.869999885559082,64.90450286865234
2018-04-10,10402.25,1342.0,83.6427001953125,14.5,64.87000274658203
2018-04-11,10417.150390625,1356.5,83.72412872314453,14.720000267028809,64.92530059814453
2018-04-12,10458.650390625,1338.4000244140625,83.42300415039062,14.5600004196167,65.19000244140625
2018-04-13,10480.599609375,1344.800048828125,83.49622344970703,14.140000343322754,65.27570343017578
2018-04-16,10528.349609375,1347.5,83.45553588867188,14.260000228881836,65.19560241699219
2018-04-17,10548.7001953125,1347.199951171875,83.50436401367188,14.039999961853027,65.4292984008789
2018-04-18,10526.2001953125,1351.199951171875,83.17879486083984,14.109999656677246,65.67500305175781
2018-04-19,10565.2998046875,1346.800048828125,82.95088958740234,13.75,66.01000213623047
2018-04-20,10564.0498046875,1336.699951171875,82.67411041259766,12.9399995803833,66.11479949951172
2018-04-23,10584.7001953125,1322.5,82.59274291992188,13.149999618530273,66.1968994140625
2018-04-24,10614.349609375,1331.4000244140625,82.49507141113281,11.899999618530273,66.54499816894531
2018-04-25,10570.5498046875,1321.199951171875,82.31599426269531,12.399999618530273,66.41410064697266
2018-04-26,10617.7998046875,1316.300048828125,82.55203247070312,12.039999961853027,66.90769958496094
2018-04-27,10692.2998046875,1320.300048828125,82.69036865234375,12.020000457763672,66.9000015258789
2018-04-30,10739.349609375,1316.199951171875,82.77992248535156,12.359999656677246,66.61000061035156
2018-05-01,,1303.800048828125,82.6502456665039,,66.44999694824219
2018-05-02,10718.0498046875,1302.5999755859375,82.66659545898438,12.84000015258789,66.7886962890625
2018-05-03,10679.650390625,1310.699951171875,82.87860870361328,12.989999771118164,67.08000183105469
2018-05-04,10618.25,1312.699951171875,82.88679504394531,13.25,66.66000366210938
2018-05-07,10715.5,1312.199951171875,82.8459701538086,13.760000228881836,66.81050109863281
2018-05-08,10717.7998046875,1312.0,82.7073745727539,14.0600004196167,67.1187973022461
2018-05-09,10741.7001953125,1311.300048828125,82.51976013183594,14.270000457763672,67.1624984741211
2018-05-10,10716.5498046875,1320.800048828125,82.69104766845703,14.430000305175781,67.62000274658203
2018-05-11,10806.5,1319.0,82.69920349121094,13.979999542236328,67.38999938964844
2018-05-14,10806.599609375,1316.5,82.51976013183594,14.25,67.3822021484375
2018-05-15,10801.849609375,1288.9000244140625,82.06314849853516,13.170000076293945,67.6780014038086
2018-05-16,10741.099609375,1290.199951171875,81.89186096191406,13.4399995803833,68.45999908447266
2018-05-17,10682.7001953125,1288.199951171875,81.8429183959961,13.40999984741211,68.05999755859375
2018-05-18,10596.400390625,1290.199951171875,82.1609878540039,14.149999618530273,68.13999938964844
2018-05-21,10516.7001953125,1290.199951171875,82.21806335449219,14.40999984741211,67.9749984741211
2018-05-22,10536.7001953125,1291.699951171875,82.18544006347656,13.600000381469727,68.4000015258789
2018-05-23,10430.349609375,1289.300048828125,82.560546875,14.15999984741211,68.43000030517578
2018-05-24,10513.849609375,1303.699951171875,82.77257537841797,13.149999618530273,68.6500015258789
2018-05-25,10605.150390625,1303.300048828125,83.09881591796875,12.649999618530273,68.26010131835938
2018-05-28,10688.650390625,,,13.0600004196167,67.7217025756836
2018-05-29,10633.2998046875,1298.699951171875,83.9958267211914,13.069999694824219,67.40280151367188
2018-05-30,10614.349609375,1301.5,83.63702392578125,13.40999984741211,68.12999725341797
2018-05-31,10736.150390625,1300.0999755859375,83.59622192382812,13.220000267028809,67.43000030517578
2018-06-01,10696.2001953125,1294.800048828125,83.2873764038086,13.569999694824219,67.43499755859375
2018-06-04,10628.5,1293.0999755859375,82.99324798583984,13.880000114440918,66.92500305175781
2018-06-05,10593.150390625,1297.5,83.2056884765625,13.319999694824219,67.05999755859375
2018-06-06,10684.650390625,1297.0999755859375,82.87067413330078,12.550000190734863,67.08999633789062
2018-06-07,10768.349609375,1298.699951171875,83.2220230102539,12.779999732971191,66.8301010131836
2018-06-08,10767.650390625,1298.0999755859375,83.1076431274414,12.699999809265137,67.41000366210938
2018-06-11,10786.9501953125,1298.9000244140625,83.02593231201172,13.180000305175781,67.51000213623047
2018-06-12,10842.849609375,1295.0999755859375,82.97687530517578,12.729999542236328,67.48999786376953
2018-06-13,10856.7001953125,1296.9000244140625,82.87882995605469,12.640000343322754,67.91000366210938
2018-06-14,10808.0498046875,1304.0,83.14030456542969,12.100000381469727,67.77999877929688
2018-06-15,10817.7001953125,1274.5999755859375,83.2056884765625,12.069999694824219,68.12999725341797
2018-06-18,10799.849609375,1276.199951171875,83.24650573730469,12.380000114440918,68.05000305175781
2018-06-19,10710.4501953125,1275.5999755859375,83.4671630859375,12.920000076293945,68.01000213623047
2018-06-20,10772.0498046875,1271.199951171875,83.19751739501953,12.170000076293945,68.05000305175781
2018-06-21,10741.099609375,1267.199951171875,83.41815185546875,12.449999809265137,68.3499984741211
2018-06-22,10821.849609375,1267.4000244140625,83.43447875976562,12.020000457763672,67.83000183105469
2018-06-25,10762.4501953125,1265.5999755859375,83.54888153076172,12.579999923706055,67.85489654541016
2018-06-26,10769.150390625,1256.5999755859375,83.58973693847656,12.800000190734863,68.33999633789062
2018-06-27,10671.400390625,1252.800048828125,83.90837097167969,13.510000228881836,68.36499786376953
2018-06-28,10589.099609375,1247.800048828125,83.82666778564453,13.949999809265137,69.23999786376953
2018-06-29,10714.2998046875,1251.300048828125,83.76130676269531,12.9399995803833,68.79669952392578
2018-07-02,10657.2998046875,1239.800048828125,83.70401000976562,13.369999885559082,68.43499755859375
2018-07-03,10699.900390625,1251.5999755859375,83.91683197021484,13.0,68.6948013305664
2018-07-04,10769.900390625,,,12.65999984741211,68.83000183105469
2018-07-05,10749.75,1257.300048828125,83.92503356933594,12.579999923706055,68.9800033569336
2018-07-06,10772.650390625,1254.300048828125,83.99871826171875,12.4399995803833,69.06999969482422
2018-07-09,10852.900390625,1258.0999755859375,83.785888671875,12.390000343322754,68.75499725341797
2018-07-10,10947.25,1253.800048828125,83.72042083740234,12.399999618530273,68.65979766845703
2018-07-11,10948.2998046875,1242.800048828125,83.89225006103516,12.779999732971191,68.9000015258789
2018-07-12,11023.2001953125,1245.0,83.85957336425781,12.510000228881836,68.72000122070312
2018-07-13,11018.900390625,1239.5999755859375,83.99871826171875,12.300000190734863,68.54000091552734
2018-07-16,10936.849609375,1238.0999755859375,83.85957336425781,12.949999809265137,68.48670196533203
2018-07-17,11008.0498046875,1225.699951171875,83.8104476928711,12.829999923706055,68.72000122070312
2018-07-18,10980.4501953125,1226.300048828125,83.74494171142578,13.680000305175781,68.35600280761719
2018-07-19,10957.099609375,1222.4000244140625,83.97415924072266,13.59000015258789,68.6155014038086
2018-07-20,11010.2001953125,1229.5,83.6794662475586,13.539999961853027,68.93509674072266
2018-07-23,11084.75,1224.0,83.2701187133789,13.010000228881836,68.7332992553711
2018-07-24,11134.2998046875,1223.9000244140625,83.32743835449219,12.470000267028809,69.19999694824219
2018-07-25,11132.0,1231.4000244140625,83.2701187133789,12.210000038146973,68.80999755859375
2018-07-26,11167.2998046875,1225.300048828125,83.18011474609375,12.029999732971191,68.83999633789062
2018-07-27,11278.349609375,1222.5999755859375,83.31105041503906,12.3100004196167,68.73999786376953
2018-07-30,11319.5498046875,1221.300048828125,83.20465850830078,12.59000015258789,68.61499786376953
2018-07-31,11356.5,1223.699951171875,83.31925201416016,12.479999542236328,68.68499755859375
2018-08-01,11346.2001953125,1217.9000244140625,83.12242126464844,12.529999732971191,68.4968032836914
2018-08-02,11244.7001953125,1210.5999755859375,83.2208251953125,12.5600004196167,68.30709838867188
2018-08-03,11360.7998046875,1214.199951171875,83.43408966064453,12.079999923706055,68.6155014038086
2018-08-06,11387.099609375,1208.5999755859375,83.47508239746094,12.5600004196167,68.50499725341797
2018-08-07,11389.4501953125,1209.5999755859375,83.3028335571289,12.579999923706055,68.80999755859375
2018-08-08,11450.0,1212.5999755859375,83.37666320800781,12.539999961853027,68.59600067138672
2018-08-09,11470.7001953125,1211.9000244140625,83.60633087158203,12.680000305175781,68.45500183105469
2018-08-10,11429.5,1211.0999755859375,83.96722412109375,12.850000381469727,69.0999984741211
2018-08-13,11355.75,1191.300048828125,83.94261932373047,13.399999618530273,69.08499908447266
2018-08-14,11435.099609375,1193.0,83.86060333251953,13.279999732971191,69.9490966796875
2018-08-15,,1177.5,84.06564331054688,,69.94999694824219
2018-08-16,11385.0498046875,1176.199951171875,84.04106140136719,13.649999618530273,70.66000366210938
2018-08-17,11470.75,1176.5,84.0738525390625,13.15999984741211,70.00499725341797
2018-08-20,11551.75,1186.800048828125,84.3363037109375,13.029999732971191,69.78500366210938
2018-08-21,11570.900390625,1192.5999755859375,84.22146606445312,12.899999618530273,69.73999786376953
2018-08-22,,1196.300048828125,84.3773193359375,,69.80999755859375
2018-08-23,11582.75,1187.0,84.369140625,12.760000228881836,69.79000091552734
2018-08-24,11557.099609375,1206.300048828125,84.39378356933594,12.40999984741211,70.2750015258789
2018-08-27,11691.9501953125,1209.0,84.20513153076172,12.239999771118164,69.76499938964844
2018-08-28,11738.5,1207.4000244140625,84.01641082763672,12.430000305175781,69.94499969482422
2018-08-29,11691.900390625,1204.5,83.99180603027344,12.4399995803833,70.54000091552734
2018-08-30,11676.7998046875,1197.699951171875,84.14768981933594,12.40999984741211,70.91000366210938
2018-08-31,11680.5,1200.300048828125,84.16410064697266,12.600000381469727,71.40499877929688
2018-09-03,11582.349609375,,,13.390000343322754,70.99500274658203
2018-09-04,11520.2998046875,1192.699951171875,83.97177124023438,13.779999732971191,71.06999969482422
2018-09-05,11476.9501953125,1194.9000244140625,83.96354675292969,13.649999618530273,71.75
2018-09-06,11536.900390625,1197.9000244140625,84.13615417480469,13.720000267028809,71.88999938964844
2018-09-07,11589.099609375,1193.5999755859375,83.75807189941406,13.890000343322754,71.93890380859375
2018-09-10,11438.099609375,1193.0,83.80735778808594,15.199999809265137,72.09500122070312
2018-09-11,11287.5,1195.4000244140625,83.50328063964844,15.329999923706055,72.44499969482422
2018-09-12,11369.900390625,1204.699951171875,83.60191345214844,14.25,72.98999786376953
2018-09-13,,1202.0,83.59370422363281,,71.92520141601562
2018-09-14,11515.2001953125,1195.0,83.43753051757812,13.84000015258789,72.02749633789062
2018-09-17,11377.75,1199.699951171875,83.4540023803711,14.5,72.09500122070312
2018-09-18,11278.900390625,1196.800048828125,83.10877990722656,14.420000076293945,72.53479766845703
2018-09-19,11234.349609375,1202.199951171875,82.96903991699219,14.010000228881836,73.12000274658203
2018-09-20,,1206.199951171875,82.9772720336914,,72.34500122070312
2018-09-21,11143.099609375,1196.199951171875,83.01016235351562,15.539999961853027,71.72000122070312
2018-09-24,10967.400390625,1199.300048828125,82.9197769165039,17.43000030517578,72.2300033569336
2018-09-25,11067.4501953125,1200.0,82.83755493164062,16.68000030517578,73.30000305175781
2018-09-26,11053.7998046875,1194.0,83.10877990722656,17.09000015258789,73.08999633789062
2018-09-27,10977.5498046875,1182.300048828125,83.10877990722656,16.920000076293945,72.7699966430664
2018-09-28,10930.4501953125,1191.5,83.1498794555664,17.0,72.94999694824219
2018-10-01,11008.2998046875,1187.0999755859375,82.93909454345703,16.84000015258789,72.50499725341797
2018-10-02,,1202.4000244140625,83.1531753540039,,73.75499725341797
2018-10-03,10858.25,1198.300048828125,82.53549194335938,18.1200008392334,73.27999877929688
2018-10-04,10599.25,1197.199951171875,82.3213882446289,18.920000076293945,73.8499984741211
2018-10-05,10316.4501953125,1201.199951171875,82.12374877929688,19.729999542236328,74.22000122070312
2018-10-08,10348.0498046875,1184.4000244140625,82.15672302246094,20.149999618530273,73.76300048828125
2018-10-09,10301.0498046875,1187.199951171875,82.31320190429688,19.760000228881836,73.88999938964844
2018-10-10,10460.099609375,1189.300048828125,82.35431671142578,17.90999984741211,74.55000305175781
2018-10-11,10234.650390625,1223.5,82.69200897216797,20.549999237060547,74.5999984741211
2018-10-12,10472.5,1218.0999755859375,82.59320831298828,18.6299991607666,74.16000366210938
2018-10-15,10512.5,1226.4000244140625,82.64258575439453,18.889999389648438,73.6760025024414
2018-10-16,10584.75,1227.300048828125,82.63438415527344,17.3700008392334,74.08000183105469
2018-10-17,10453.0498046875,1223.699951171875,82.39553833007812,17.979999542236328,73.45549774169922
2018-10-18,,1226.5,82.5438003540039,,73.91999816894531
2018-10-19,10303.5498046875,1225.300048828125,82.44498443603516,19.790000915527344,74.16000366210938
2018-10-22,10245.25,1221.199951171875,82.46139526367188,21.360000610351562,73.46499633789062
2018-10-23,10146.7998046875,1233.4000244140625,82.67555236816406,19.040000915527344,73.8594970703125
2018-10-24,10224.75,1227.800048828125,83.12023162841797,18.8799991607666,73.22129821777344
2018-10-25,10124.900390625,1229.0999755859375,82.92261505126953,18.959999084472656,73.22049713134766
2018-10-26,10030.0,1232.5,83.29314422607422,19.229999542236328,73.22019958496094
2018-10-29,10250.849609375,1224.5,83.28495025634766,19.829999923706055,73.125
2018-10-30,10198.400390625,1222.5999755859375,83.1037826538086,20.5,73.5905990600586
2018-10-31,10386.599609375,1212.300048828125,82.89788818359375,19.799999237060547,73.6500015258789
2018-11-01,10380.4501953125,1236.0,82.96887969970703,19.190000534057617,74.06999969482422
2018-11-02,10553.0,1230.9000244140625,82.50663757324219,18.229999542236328,73.30999755859375
2018-11-05,10524.0,1229.800048828125,82.55622100830078,19.479999542236328,72.90499877929688
2018-11-06,10530.0,1223.800048828125,82.46540832519531,18.510000228881836,72.86000061035156
2018-11-07,10598.400390625,1226.199951171875,82.46540832519531,17.719999313354492,73.2300033569336
2018-11-08,,1222.9000244140625,82.34986877441406,,72.37999725341797
2018-11-09,10585.2001953125,1206.4000244140625,82.67176818847656,17.770000457763672,72.9000015258789
2018-11-12,10482.2001953125,1201.300048828125,82.91937255859375,19.3700008392334,72.47000122070312
2018-11-13,10582.5,1199.199951171875,82.98539733886719,18.700000762939453,73.18000030517578
2018-11-14,10576.2998046875,1207.9000244140625,83.15869140625,18.829999923706055,72.55000305175781
2018-11-15,10616.7001953125,1212.800048828125,83.2164306640625,18.450000762939453,72.4000015258789
2018-11-16,10682.2001953125,1220.800048828125,83.47230529785156,18.350000381469727,71.8917007446289
2018-11-19,10763.400390625,1223.0999755859375,83.59609985351562,19.260000228881836,71.7750015258789
2018-11-20,10656.2001953125,1219.0,83.57962036132812,19.329999923706055,71.69000244140625
2018-11-21,10600.0498046875,1225.800048828125,83.56309509277344,19.559999465942383,71.41500091552734
2018-11-22,10526.75,,,19.15999984741211,71.29499816894531
2018-11-23,,1221.0,83.61260986328125,,70.83499908447266
2018-11-26,10628.599609375,1220.199951171875,83.54660034179688,20.399999618530273,70.66999816894531
2018-11-27,10685.599609375,1211.199951171875,83.62911224365234,18.31999969482422,70.80999755859375
2018-11-28,10728.849609375,1221.4000244140625,83.620849609375,17.959999084472656,70.87999725341797
2018-11-29,10858.7001953125,1224.0999755859375,83.83544921875,18.700000762939453,70.5999984741211
2018-11-30,10876.75,1220.199951171875,84.00050354003906,19.15999984741211,69.91999816894531
2018-12-03,10883.75,1233.9000244140625,84.18411254882812,18.219999313354492,69.76000213623047
2018-12-04,10869.5,1241.0999755859375,84.57281494140625,18.110000610351562,70.48500061035156
2018-12-05,10782.900390625,,,18.389999389648438,70.62999725341797
2018-12-06,10601.150390625,1238.0999755859375,84.78779602050781,19.309999465942383,70.87000274658203
2018-12-07,10693.7001953125,1246.800048828125,85.03594970703125,18.59000015258789,70.75
2018-12-10,10488.4501953125,1243.699951171875,85.08556365966797,20.440000534057617,71.36499786376953
2018-12-11,10549.150390625,1241.9000244140625,84.87053680419922,17.950000762939453,72.7300033569336
2018-12-12,10737.599609375,1244.4000244140625,84.63899230957031,15.8100004196167,72.62000274658203
2018-12-13,10791.5498046875,1242.699951171875,84.68861389160156,15.550000190734863,72.1500015258789
2018-12-14,10805.4501953125,1237.0,84.8209228515625,15.15999984741211,71.5469970703125
2018-12-17,10888.349609375,1247.4000244140625,85.06904602050781,14.539999961853027,71.91000366210938
2018-12-18,10908.7001953125,1249.199951171875,85.27871704101562,14.579999923706055,71.58999633789062
2018-12-19,10967.2998046875,1252.0999755859375,85.57707214355469,14.65999984741211,70.56999969482422
2018-12-20,10951.7001953125,1263.5999755859375,85.46929931640625,14.329999923706055,70.68550109863281
2018-12-21,10754.0,1253.800048828125,85.54390716552734,15.989999771118164,70.30000305175781
2018-12-24,10663.5,1267.5,85.75941467285156,15.75,70.13999938964844
2018-12-25,,,,,70.23999786376953
2018-12-26,10729.849609375,1269.199951171875,85.35330200195312,15.920000076293945,70.23999786376953
2018-12-27,10779.7998046875,1277.300048828125,85.56875610351562,16.06999969482422,70.1500015258789
2018-12-28,10859.900390625,1279.9000244140625,86.03286743164062,15.270000457763672,69.98999786376953
2018-12-31,10862.5498046875,1278.300048828125,86.35609436035156,16.0,69.92250061035156
2019-01-01,,,,15.329999923706055,69.70999908447266
2019-01-02,10792.5,1281.0,86.53838348388672,16.389999389648438,69.70999908447266
2019-01-03,10672.25,1291.800048828125,87.22623443603516,16.790000915527344,69.95999908447266
2019-01-04,10727.349609375,1282.699951171875,86.5218276977539,16.15999984741211,70.30000305175781
2019-01-07,10771.7998046875,1286.800048828125,86.2815170288086,16.299999237060547,69.5250015258789
2019-01-08,10802.150390625,1283.199951171875,86.06604766845703,15.699999809265137,69.80999755859375
2019-01-09,10855.150390625,1289.300048828125,86.11579132080078,15.270000457763672,70.33000183105469
2019-01-10,10821.599609375,1284.699951171875,86.0743408203125,15.350000381469727,70.55049896240234
2019-01-11,10794.9501953125,1287.0999755859375,86.33121490478516,15.350000381469727,70.72000122070312
2019-01-14,10737.599609375,1289.0999755859375,86.2815170288086,16.15999984741211,70.37000274658203
2019-01-15,10886.7998046875,1286.199951171875,86.19861602783203,15.579999923706055,71.08499908447266
2019-01-16,10890.2998046875,1291.5999755859375,86.14891815185547,16.079999923706055,71.09249877929688
2019-01-17,10905.2001953125,1291.0,85.99144744873047,16.239999771118164,71.36499786376953
2019-01-18,10906.9501953125,1281.300048828125,85.71792602539062,16.6200008392334,71.03019714355469
2019-01-21,10961.849609375,,,18.149999618530273,71.2300033569336
2019-01-22,10922.75,1282.5,86.01631927490234,17.989999771118164,71.5
2019-01-23,10831.5,1283.0999755859375,85.9748306274414,18.09000015258789,71.2302017211914
2019-01-24,10849.7998046875,1279.0999755859375,86.24835205078125,17.43000030517578,71.15730285644531
2019-01-25,10780.5498046875,1297.4000244140625,86.04942321777344,17.690000534057617,70.98999786376953
2019-01-28,10661.5498046875,1302.4000244140625,86.0743408203125,18.899999618530273,70.9749984741211
2019-01-29,10652.2001953125,1308.199951171875,86.3229751586914,18.43000030517578,71.09010314941406
2019-01-30,10651.7998046875,1309.9000244140625,86.5218276977539,17.850000381469727,71.62000274658203
2019-01-31,10830.9501953125,1319.699951171875,86.91964721679688,17.1200008392334,71.12000274658203
2019-02-01,10893.650390625,1316.9000244140625,86.4545669555664,15.720000267028809,71.19999694824219
2019-02-04,10912.25,1314.300048828125,86.2635726928711,15.720000267028809,71.45169830322266
2019-02-05,10934.349609375,1314.199951171875,86.41302490234375,15.779999732971191,71.68499755859375
2019-02-06,11062.4501953125,1309.5,86.4794692993164,15.630000114440918,71.7699966430664
2019-02-07,11069.400390625,1309.4000244140625,86.76185607910156,15.4399995803833,71.54049682617188
2019-02-08,10943.599609375,1313.699951171875,86.8781509399414,15.569999694824219,71.58000183105469
2019-02-11,10888.7998046875,1307.0,86.74524688720703,15.84000015258789,71.1500015258789
2019-02-12,10831.400390625,1309.199951171875,86.62897491455078,15.75,71.2300033569336
2019-02-13,,1310.800048828125,86.41302490234375,,70.80999755859375
2019-02-14,10746.0498046875,1309.800048828125,86.81999969482422,15.770000457763672,70.86509704589844
2019-02-15,10724.400390625,1318.0999755859375,86.73690795898438,16.459999084472656,71.01000213623047
2019-02-18,10640.9501953125,,,18.0,71.31999969482422
2019-02-19,10604.349609375,1340.0999755859375,86.88642883300781,18.469999313354492,71.69999694824219
2019-02-20,10735.4501953125,1343.300048828125,86.86981964111328,17.059999465942383,71.5999984741211
2019-02-21,10789.849609375,1323.5,86.61236572265625,16.049999237060547,71.30000305175781
2019-02-22,10791.650390625,1329.199951171875,86.86981964111328,15.449999809265137,71.18499755859375
2019-02-25,10880.099609375,1325.9000244140625,86.73690795898438,15.359999656677246,71.03099822998047
2019-02-26,10835.2998046875,1325.0999755859375,86.99439239501953,17.110000610351562,71.08999633789062
2019-02-27,10806.650390625,1317.699951171875,86.68708801269531,18.899999618530273,70.94000244140625
2019-02-28,10792.5,1312.800048828125,86.46287536621094,18.280000686645508,71.19000244140625
2019-03-01,10863.5,1296.4000244140625,86.17911529541016,16.270000457763672,70.81600189208984
2019-03-04,,1284.800048828125,86.44539642333984,,70.98999786376953
2019-03-05,10987.4501953125,1282.0,86.49530792236328,15.65999984741211,70.9000015258789
2019-03-06,11053.0,1284.9000244140625,86.73664855957031,15.609999656677246,70.74250030517578
2019-03-07,11058.2001953125,1283.800048828125,87.0278549194336,15.289999961853027,70.36499786376953
2019-03-08,11035.400390625,1297.0,87.15267944335938,14.9399995803833,70.48750305175781
2019-03-11,11168.0498046875,1288.800048828125,87.08612060546875,14.899999618530273,69.98690032958984
2019-03-12,11301.2001953125,1296.300048828125,87.32745361328125,15.100000381469727,69.79010009765625
2019-03-13,11341.7001953125,1307.5,87.29413604736328,15.279999732971191,69.84500122070312
2019-03-14,11343.25,1293.4000244140625,87.16926574707031,15.149999618530273,69.72630310058594
2019-03-15,11426.849609375,1301.800048828125,87.44387817382812,15.869999885559082,69.3373031616211
2019-03-18,11462.2001953125,1300.300048828125,87.32745361328125,16.899999618530273,68.9530029296875
2019-03-19,11532.400390625,1305.0,87.2691421508789,16.489999771118164,68.61799621582031
2019-03-20,11521.0498046875,1300.5,87.8766098022461,16.030000686645508,69.31749725341797
2019-03-21,,1306.0999755859375,87.83499145507812,,68.82499694824219
2019-03-22,11456.900390625,1311.5999755859375,88.4840087890625,16.270000457763672,68.93000030517578
2019-03-25,11354.25,1321.9000244140625,88.70866394042969,16.670000076293945,69.1604995727539
2019-03-26,11483.25,1314.300048828125,88.63379669189453,16.489999771118164,68.92340087890625
2019-03-27,11445.0498046875,1309.9000244140625,88.89175415039062,17.049999237060547,69.42749786376953
2019-03-28,11570.0,1289.800048828125,88.90003967285156,16.649999618530273,69.37000274658203
2019-03-29,,1293.0,88.75861358642578,,69.5
2019-04-01,11669.150390625,1288.4000244140625,88.14826965332031,18.010000228881836,69.43000030517578
2019-04-02,11713.2001953125,1290.0,88.29832458496094,18.079999923706055,69.19529724121094
2019-04-03,11643.9501953125,1289.9000244140625,88.02315521240234,18.780000686645508,68.91020202636719
2019-04-04,11598.0,1289.0,88.11492156982422,18.649999618530273,68.8499984741211
2019-04-05,11665.9501953125,1290.4000244140625,88.15660095214844,18.389999389648438,68.97039794921875
2019-04-08,11604.5,1297.0999755859375,88.01486206054688,20.149999618530273,69.16000366210938
2019-04-09,11671.9501953125,1303.5,88.17326354980469,20.280000686645508,69.55249786376953
2019-04-10,11584.2998046875,1309.0999755859375,88.3817138671875,21.1299991607666,69.26180267333984
2019-04-11,11596.7001953125,1288.5999755859375,88.18161010742188,20.959999084472656,69.14019775390625
2019-04-12,11643.4501953125,1290.5999755859375,87.77305603027344,21.0,69.43000030517578
2019-04-15,11690.349609375,1286.800048828125,87.8897933959961,21.389999389648438,69.16100311279297
2019-04-16,11787.150390625,1272.5999755859375,87.58961486816406,21.690000534057617,69.80999755859375
2019-04-17,,1272.199951171875,87.60631561279297,,69.88500213623047
2019-04-18,11752.7998046875,1271.9000244140625,87.8147964477539,22.739999771118164,69.4010009765625
2019-04-19,,,,,69.38099670410156
2019-04-22,11594.4501953125,1273.5,87.6896743774414,24.049999237060547,69.36000061035156
2019-04-23,11575.9501953125,1269.300048828125,87.84809112548828,24.649999618530273,70.0625
2019-04-24,11726.150390625,1275.5,88.18161010742188,23.709999084472656,69.75800323486328
2019-04-25,11641.7998046875,1275.800048828125,88.0732421875,23.229999542236328,70.0958023071289
2019-04-26,11754.650390625,1284.9000244140625,88.30667114257812,21.719999313354492,70.16000366210938
2019-04-29,,1278.5999755859375,88.12322998046875,,69.84200286865234
2019-04-30,11748.150390625,1282.800048828125,88.29832458496094,21.829999923706055,69.81179809570312
2019-05-01,,1281.4000244140625,88.25824737548828,,69.55599975585938
2019-05-02,11724.75,1269.699951171875,88.00762939453125,22.979999542236328,69.63289642333984
2019-05-03,11712.25,1279.199951171875,88.12458038330078,24.030000686645508,69.42440032958984
2019-05-06,11598.25,1281.699951171875,88.35012817382812,26.43000030517578,69.16799926757812
2019-05-07,11497.900390625,1283.5,88.65093994140625,26.479999542236328,69.40029907226562
2019-05-08,11359.4501953125,1279.4000244140625,88.48380279541016,26.3700008392334,69.91000366210938
2019-05-09,11301.7998046875,1283.5,88.71774291992188,25.489999771118164,70.01000213623047
2019-05-10,11278.900390625,1285.699951171875,88.65927124023438,26.34000015258789,70.41000366210938
2019-05-13,11148.2001953125,1300.0999755859375,89.10205841064453,27.3799991607666,69.92250061035156
2019-05-14,11222.0498046875,1294.699951171875,89.01848602294922,27.1299991607666,70.61699676513672
2019-05-15,11157.0,1296.300048828125,89.3025894165039,28.65999984741211,70.30699920654297
2019-05-16,11257.099609375,1285.0,89.12710571289062,28.3700008392334,70.20919799804688
2019-05-17,11407.150390625,1274.5,89.16893768310547,28.079999923706055,70.23500061035156
2019-05-20,11828.25,1276.0999755859375,89.01848602294922,23.68000030517578,70.28150177001953
2019-05-21,11709.099609375,1272.0,88.91824340820312,25.649999618530273,70.12750244140625
2019-05-22,11737.900390625,1273.5999755859375,89.18557739257812,27.6299991607666,
2019-05-23,11657.0498046875,1284.800048828125,89.72866821289062,19.40999984741211,69.97250366210938
2019-05-24,11844.099609375,1283.0,89.7036361694336,16.469999313354492,69.94499969482422
2019-05-27,11924.75,,,16.190000534057617,69.36000061035156
2019-05-28,11928.75,1276.5,90.09624481201172,15.920000076293945,69.72000122070312
2019-05-29,11861.099609375,1280.5999755859375,90.06285858154297,16.40999984741211,69.875
2019-05-30,11945.900390625,1287.0999755859375,90.3886947631836,15.609999656677246,69.81500244140625
2019-05-31,11922.7998046875,1305.800048828125,90.99019622802734,16.06999969482422,69.9800033569336
2019-06-03,12088.5498046875,1322.699951171875,91.42798614501953,15.970000267028809,69.5696029663086
2019-06-04,12021.650390625,1323.4000244140625,91.0931625366211,15.630000114440918,69.16190338134766
2019-06-05,,1328.300048828125,91.0931625366211,,69.55999755859375
2019-06-06,11843.75,1337.5999755859375,91.07642364501953,15.529999732971191,69.625
2019-06-07,11870.650390625,1341.199951171875,91.43638610839844,14.859999656677246,69.36000061035156
2019-06-10,11922.7001953125,1324.699951171875,90.98432159423828,14.979999542236328,69.34500122070312
2019-06-11,11965.599609375,1326.4000244140625,90.98432159423828,14.489999771118164,69.52349853515625
2019-06-12,11906.2001953125,1331.9000244140625,91.21875,14.119999885559082,69.3864974975586
2019-06-13,11914.0498046875,1339.199951171875,91.44471740722656,13.65999984741211,69.69999694824219
2019-06-14,11823.2998046875,1340.0999755859375,91.51171112060547,13.899999618530273,69.80000305175781
2019-06-17,11672.150390625,1338.699951171875,91.4949722290039,14.649999618530273,69.77050018310547
2019-06-18,11691.5,1346.5999755859375,91.6707534790039,14.600000381469727,70.11250305175781
2019-06-19,11691.4501953125,1344.5999755859375,91.9218521118164,14.729999542236328,69.76499938964844
2019-06-20,11831.75,1392.9000244140625,92.07258605957031,14.0,69.87000274658203
2019-06-21,11724.099609375,1396.199951171875,91.69586181640625,14.609999656677246,69.77999877929688
2019-06-24,11699.650390625,1414.300048828125,92.01398468017578,15.220000267028809,69.56990051269531
2019-06-25,11796.4501953125,1414.9000244140625,92.15626525878906,15.010000228881836,69.60250091552734
2019-06-26,11847.5498046875,1411.5999755859375,91.7795639038086,14.75,69.63749694824219
2019-06-27,11841.5498046875,1408.4000244140625,92.05579376220703,14.649999618530273,69.60250091552734
2019-06-28,11788.849609375,1409.699951171875,92.09769439697266,14.949999809265137,69.32499694824219
2019-07-01,11865.599609375,1385.5999755859375,91.98197174072266,14.600000381469727,68.94049835205078
2019-07-02,11910.2998046875,1404.5999755859375,92.30902099609375,14.25,69.1675033569336
2019-07-03,11916.75,1417.699951171875,92.4851303100586,13.699999809265137,69.0824966430664
2019-07-04,11946.75,,,13.529999732971191,69.00749969482422
2019-07-05,11811.150390625,1396.699951171875,91.89810943603516,13.069999694824219,68.73999786376953
2019-07-08,11558.599609375,1397.0,91.80585479736328,13.850000381469727,68.44000244140625
2019-07-09,11555.900390625,1397.5,91.74715423583984,13.6899995803833,68.8499984741211
2019-07-10,11498.900390625,1410.0999755859375,91.79747772216797,13.640000343322754,68.76499938964844
2019-07-11,11582.900390625,1404.300048828125,91.34464263916016,12.470000267028809,68.36759948730469
2019-07-12,11552.5,1409.9000244140625,91.4452896118164,12.0,68.66999816894531
2019-07-15,11588.349609375,1411.4000244140625,91.6381607055664,12.020000457763672,68.55030059814453
2019-07-16,11662.599609375,1409.199951171875,91.43690490722656,11.5600004196167,68.74749755859375
2019-07-17,11687.5,1421.300048828125,91.86455535888672,11.800000190734863,68.8949966430664
2019-07-18,11596.900390625,1426.0999755859375,92.09095764160156,11.75,68.78600311279297
2019-07-19,11419.25,1425.0999755859375,91.92328643798828,12.520000457763672,68.8499984741211
2019-07-22,11346.2001953125,1425.300048828125,91.96517944335938,13.010000228881836,68.83000183105469
2019-07-23,11331.0498046875,1420.0999755859375,91.81424713134766,13.430000305175781,69.16000366210938
2019-07-24,11271.2998046875,1422.800048828125,91.94844055175781,12.760000228881836,69.0199966430664
2019-07-25,11252.150390625,1413.9000244140625,91.78911590576172,12.640000343322754,69.18499755859375
2019-07-26,11284.2998046875,1418.5,91.7723159790039,12.130000114440918,69.15049743652344
2019-07-29,11189.2001953125,1419.5999755859375,91.85617065429688,13.0600004196167,68.87000274658203
2019-07-30,11085.400390625,1429.699951171875,91.89810943603516,13.609999656677246,68.94999694824219
2019-07-31,11118.0,1426.0999755859375,92.13291931152344,13.59000015258789,69.07749938964844
2019-08-01,10980.0,1420.9000244140625,93.17794799804688,14.5600004196167,69.40499877929688
2019-08-02,10997.349609375,1445.5999755859375,93.37113189697266,15.1899995803833,69.29720306396484
2019-08-05,10862.599609375,1464.5999755859375,94.17756652832031,16.59000015258789,69.65689849853516
2019-08-06,10948.25,1472.4000244140625,94.32879638671875,16.1200008392334,71.5199966430664
2019-08-07,10855.5,1507.300048828125,94.32879638671875,16.739999771118164,71.2300033569336
2019-08-08,11032.4501953125,1497.699951171875,94.33719635009766,16.09000015258789,71.16510009765625
2019-08-09,11109.650390625,1496.5999755859375,94.19436645507812,15.850000381469727,70.47090148925781
2019-08-12,,1505.300048828125,94.79078674316406,,71.03500366210938
2019-08-13,10925.849609375,1502.199951171875,94.45476531982422,17.780000686645508,71.58000183105469
2019-08-14,11029.400390625,1515.9000244140625,95.08483123779297,16.360000610351562,71.08000183105469
2019-08-15,,1519.5999755859375,95.68965911865234,,71.63520050048828
2019-08-16,11047.7998046875,1512.5,95.43766021728516,16.649999618530273,71.72000122070312
2019-08-19,11053.900390625,1500.4000244140625,94.98401641845703,16.75,71.13200378417969
2019-08-20,11017.0,1504.5999755859375,95.40404510498047,16.6299991607666,71.99500274658203
2019-08-21,10918.7001953125,1504.5999755859375,95.15202331542969,17.020000457763672,71.80999755859375
2019-08-22,10741.349609375,1497.300048828125,94.9420166015625,17.850000381469727,71.43779754638672
2019-08-23,10829.349609375,1526.5999755859375,95.5804672241211,17.350000381469727,71.92040252685547
2019-08-26,11057.849609375,1526.300048828125,95.48804473876953,16.65999984741211,71.50250244140625
2019-08-27,11105.349609375,1541.0,95.89967346191406,16.010000228881836,72.16000366210938
2019-08-28,11046.099609375,1537.800048828125,95.93327331542969,16.84000015258789,71.53500366210938
2019-08-29,10948.2998046875,1526.5,95.7484359741211,16.43000030517578,72.08499908447266
2019-08-30,11023.25,1519.0999755859375,95.77367401123047,16.280000686645508,71.6801986694336
2019-09-02,,,,,71.72989654541016
2019-09-03,10797.900390625,1545.9000244140625,95.9840087890625,18.059999465942383,71.96209716796875
2019-09-04,10844.650390625,1550.300048828125,96.1355209350586,17.239999771118164,72.45999908447266
2019-09-05,10847.900390625,1515.4000244140625,95.36138153076172,17.270000457763672,71.95570373535156
2019-09-06,10946.2001953125,1506.199951171875,95.4202880859375,16.270000457763672,72.22000122070312
2019-09-09,11003.0498046875,1502.199951171875,94.83125305175781,15.850000381469727,71.66999816894531
2019-09-10,,1490.300048828125,94.14126586914062,,72.09249877929688
2019-09-11,11035.7001953125,1494.4000244140625,94.0486831665039,15.369999885559082,71.85900115966797
2019-09-12,10982.7998046875,1498.699951171875,93.8384017944336,14.899999618530273,71.56009674072266
2019-09-13,11075.900390625,1490.9000244140625,92.9800796508789,14.119999885559082,71.28500366210938
2019-09-16,11003.5,1503.0999755859375,93.38397216796875,14.949999809265137,71.02069854736328
2019-09-17,10817.599609375,1505.0999755859375,93.62798309326172,16.020000457763672,71.74909973144531
2019-09-18,10840.650390625,1507.5,93.66166687011719,15.350000381469727,71.70999908447266
2019-09-19,10704.7998046875,1498.4000244140625,93.70368194580078,15.550000190734863,71.5425033569336
2019-09-20,11274.2001953125,1507.300048828125,94.24223327636719,15.399999618530273,71.71749877929688
2019-09-23,11600.2001953125,1523.699951171875,94.37686157226562,16.790000915527344,71.19159698486328
2019-09-24,11588.2001953125,1532.0999755859375,94.84806060791016,16.729999542236328,70.78959655761719
2019-09-25,11440.2001953125,1504.5999755859375,94.22539520263672,16.170000076293945,71.28500366210938
2019-09-26,11571.2001953125,1507.5,94.42733001708984,16.34000015258789,71.30999755859375
2019-09-27,11512.400390625,1499.0999755859375,94.56201171875,16.110000610351562,71.21499633789062
2019-09-30,11474.4501953125,1465.699951171875,94.63776397705078,15.869999885559082,70.49870300292969
2019-10-01,11359.900390625,1482.0,94.89978790283203,16.760000228881836,70.92250061035156
2019-10-02,,1501.0,95.22848510742188,,71.0999984741211
2019-10-03,11314.0,1507.0999755859375,95.7256851196289,17.700000762939453,71.1416015625
2019-10-04,11174.75,1506.199951171875,95.91106414794922,17.579999923706055,71.0199966430664
2019-10-07,11126.400390625,1497.699951171875,95.59083557128906,17.829999923706055,70.81500244140625
2019-10-08,,1497.199951171875,95.79307556152344,,71.36000061035156
2019-10-09,11313.2998046875,1506.0999755859375,95.54869079589844,17.15999984741211,71.20999908447266
2019-10-10,11234.5498046875,1494.800048828125,94.95037841796875,17.229999542236328,71.41000366210938
2019-10-11,11305.0498046875,1482.699951171875,94.30146789550781,17.139999389648438,70.9800033569336
2019-10-14,11341.150390625,1491.699951171875,94.56269836425781,17.43000030517578,70.91400146484375
2019-10-15,11428.2998046875,1477.5999755859375,94.10761260986328,16.850000381469727,71.45249938964844
2019-10-16,11464.0,1488.0,94.29306030273438,16.360000610351562,71.76000213623047
2019-10-17,11586.349609375,1492.300048828125,94.25934600830078,15.880000114440918,71.62000274658203
2019-10-18,11661.849609375,1488.199951171875,94.3436050415039,15.930000305175781,71.42250061035156
2019-10-21,,1482.4000244140625,93.99807739257812,,71.02999877929688
2019-10-22,11588.349609375,1481.699951171875,94.21717834472656,16.809999465942383,71.1050033569336
2019-10-23,11604.099609375,1489.9000244140625,94.25088500976562,16.540000915527344,71.07499694824219
2019-10-24,11582.599609375,1498.9000244140625,94.23408508300781,16.239999771118164,70.71499633789062
2019-10-25,11583.900390625,1499.5,94.03179168701172,15.319999694824219,71.19000244140625
2019-10-28,,1490.0,93.67784881591797,,70.83000183105469
2019-10-29,11786.849609375,1487.0,93.7620849609375,16.420000076293945,70.73500061035156
2019-10-30,11844.099609375,1493.199951171875,94.21717834472656,16.65999984741211,70.88459777832031
2019-10-31,11877.4501953125,1511.4000244140625,94.81553649902344,16.280000686645508,70.98999786376953
2019-11-01,11890.599609375,1508.0,94.6366195678711,15.729999542236328,70.97000122070312
2019-11-04,11941.2998046875,1508.0,94.15554809570312,15.930000305175781,70.51210021972656
2019-11-05,11917.2001953125,1480.800048828125,93.6491470336914,15.920000076293945,71.0
2019-11-06,11966.0498046875,1490.199951171875,93.91919708251953,15.779999732971191,70.8949966430664
2019-11-07,12012.0498046875,1464.199951171875,93.16807556152344,15.210000038146973,71.0
2019-11-08,11908.150390625,1461.300048828125,93.04145812988281,15.859999656677246,71.37650299072266
2019-11-11,11913.4501953125,1455.5,93.14273071289062,16.25,71.37650299072266
2019-11-12,,1452.0999755859375,93.18496704101562,,71.5739974975586
2019-11-13,11840.4501953125,1461.699951171875,93.43814849853516,16.459999084472656,71.77999877929688
2019-11-14,11872.099609375,1471.800048828125,93.91075134277344,15.649999618530273,72.1415023803711
2019-11-15,11895.4501953125,1467.300048828125,93.83479309082031,15.029999732971191,71.95580291748047
2019-11-18,11884.5,1470.9000244140625,93.99518585205078,15.760000228881836,71.70580291748047
2019-11-19,11940.099609375,1473.300048828125,94.17240142822266,15.40999984741211,71.93509674072266
2019-11-20,11999.099609375,1473.300048828125,94.51846313476562,15.15999984741211,71.85099792480469
2019-11-21,11968.400390625,1463.0999755859375,94.28214263916016,14.979999542236328,71.76820373535156
2019-11-22,11914.400390625,1463.0999755859375,94.26524353027344,14.869999885559082,71.7405014038086
2019-11-25,12073.75,1456.5999755859375,94.30742645263672,15.0,71.78260040283203
2019-11-26,12037.7001953125,1459.800048828125,94.48468017578125,14.84000015258789,71.67949676513672
2019-11-27,12100.7001953125,1453.4000244140625,94.23992919921875,14.619999885559082,71.42839813232422
2019-11-28,12151.150390625,,,13.989999771118164,71.22810363769531
2019-11-29,12056.0498046875,1465.5999755859375,94.16395568847656,13.899999618530273,71.54740142822266
2019-12-02,12048.2001953125,1462.300048828125,93.82589721679688,14.199999809265137,71.7229995727539
2019-12-03,11994.2001953125,1478.199951171875,94.66261291503906,14.5600004196167,71.625
2019-12-04,12043.2001953125,1474.0,94.2992172241211,13.319999694824219,71.95999908447266
2019-12-05,12018.400390625,1476.9000244140625,94.07942962646484,14.3100004196167,71.4801025390625
2019-12-06,11921.5,1459.0999755859375,93.79209899902344,13.640000343322754,71.38500213623047
2019-12-09,11937.5,1459.300048828125,93.86812591552734,14.600000381469727,71.28679656982422
2019-12-10,11856.7998046875,1462.5999755859375,93.75827026367188,14.289999961853027,70.96019744873047
2019-12-11,11910.150390625,1469.4000244140625,94.14708709716797,13.380000114440918,71.01000213623047
2019-12-12,11971.7998046875,1466.699951171875,93.40327453613281,13.350000381469727,70.72930145263672
2019-12-13,12086.7001953125,1475.5999755859375,93.9526596069336,13.300000190734863,70.55989837646484
2019-12-16,12053.9501953125,1475.0,93.51315307617188,13.420000076293945,70.68900299072266
2019-12-17,12165.0,1474.5999755859375,93.52163696289062,12.520000457763672,70.92050170898438
2019-12-18,12221.650390625,1472.5999755859375,93.26805877685547,12.34000015258789,71.21499633789062
2019-12-19,12259.7001953125,1478.199951171875,93.34087371826172,12.119999885559082,70.98989868164062
2019-12-20,12271.7998046875,1474.699951171875,93.34087371826172,12.329999923706055,71.22270202636719
2019-12-23,12262.75,1482.5,93.25619506835938,11.960000038146973,71.02400207519531
2019-12-24,12214.5498046875,1499.0999755859375,93.41699981689453,11.630000114440918,71.21070098876953
2019-12-25,,,,,71.45999908447266
2019-12-26,12126.5498046875,1509.300048828125,93.55245971679688,11.119999885559082,71.54000091552734
2019-12-27,12245.7998046875,1513.800048828125,93.6878433227539,10.529999732971191,71.30030059814453
2019-12-30,12255.849609375,1514.5,93.62858581542969,11.010000228881836,71.31300354003906
2019-12-31,12168.4501953125,1519.5,93.29009246826172,11.670000076293945,71.31099700927734
2020-01-01,12182.5,,,,71.27580261230469
2020-01-02,12282.2001953125,1524.5,93.72174835205078,11.489999771118164,71.0250015258789
2020-01-03,12226.650390625,1549.199951171875,94.34805297851562,12.699999809265137,71.41500091552734
2020-01-06,11993.0498046875,1566.199951171875,94.2464828491211,14.779999732971191,71.73100280761719
2020-01-07,12052.9501953125,1571.800048828125,94.11109161376953,14.609999656677246,71.78700256347656
2020-01-08,12025.349609375,1557.4000244140625,93.89103698730469,15.640000343322754,72.16000366210938
2020-01-09,12215.900390625,1551.699951171875,93.95872497558594,14.0,71.41190338134766
2020-01-10,12256.7998046875,1557.5,94.16185760498047,14.079999923706055,71.19429779052734
2020-01-13,12329.5498046875,1548.4000244140625,94.05179595947266,14.279999732971191,70.9530029296875
2020-01-14,12362.2998046875,1542.4000244140625,94.23802947998047,13.90999984741211,70.71890258789062
2020-01-15,12343.2998046875,1552.0999755859375,94.47502899169922,14.119999885559082,70.84510040283203
2020-01-16,12355.5,1549.0,94.28035736083984,14.180000305175781,70.71800231933594
2020-01-17,12352.349609375,1558.800048828125,94.20415496826172,14.130000114440918,70.94560241699219
2020-01-20,12224.5498046875,,,15.40999984741211,71.03469848632812
2020-01-21,12169.849609375,1556.4000244140625,94.57659149169922,15.859999656677246,71.03099822998047
2020-01-22,12106.900390625,1555.300048828125,94.593505859375,16.360000610351562,71.16999816894531
2020-01-23,12180.349609375,1564.5999755859375,94.83053588867188,15.859999656677246,71.0781021118164
2020-01-24,12248.25,1571.0999755859375,95.16905212402344,15.5600004196167,71.32099914550781
2020-01-27,12119.0,1576.800048828125,95.81234741210938,17.18000030517578,71.32499694824219
2020-01-28,12055.7998046875,1569.199951171875,95.49067687988281,17.299999237060547,71.44000244140625
2020-01-29,12129.5,1569.800048828125,95.94773864746094,16.5,71.23040008544922
2020-01-30,12035.7998046875,1583.5,96.0408706665039,16.799999237060547,71.30000305175781
2020-01-31,11962.099609375,1582.9000244140625,96.5233154296875,17.3700008392334,71.63999938964844
2020-02-03,11707.900390625,1577.199951171875,96.44109344482422,15.779999732971191,71.49649810791016
2020-02-04,11979.650390625,1550.4000244140625,95.88169860839844,14.380000114440918,71.31410217285156
2020-02-05,12089.150390625,1557.800048828125,95.4664077758789,14.170000076293945,71.0999984741211
2020-02-06,12137.9501953125,1565.0999755859375,95.53423309326172,13.779999732971191,71.18000030517578
2020-02-07,12098.349609375,1568.5999755859375,95.99191284179688,13.75,71.47000122070312
2020-02-10,12031.5,1574.699951171875,96.17840576171875,14.210000038146973,71.5155029296875
2020-02-11,12107.900390625,1565.5999755859375,95.94953155517578,13.880000114440918,71.27999877929688
2020-02-12,12201.2001953125,1567.4000244140625,95.70375061035156,13.619999885559082,71.27529907226562
2020-02-13,12174.650390625,1575.0999755859375,95.78846740722656,13.369999885559082,71.29620361328125
2020-02-14,12113.4501953125,1582.699951171875,96.02583312988281,13.619999885559082,71.26850128173828
2020-02-17,12045.7998046875,,,14.420000076293945,71.51480102539062
2020-02-18,11992.5,1600.0,96.17840576171875,14.510000228881836,71.34919738769531
2020-02-19,12125.900390625,1607.5,96.16140747070312,14.020000457763672,71.57499694824219
2020-02-20,12080.849609375,1616.5999755859375,96.44109344482422,13.699999809265137,71.82749938964844
2020-02-21,,1644.5999755859375,96.83096313476562,,72.11000061035156
2020-02-24,11829.400390625,1672.4000244140625,97.58525848388672,17.0,71.88680267333984
2020-02-25,11797.900390625,1646.9000244140625,97.85649871826172,16.899999618530273,72.04669952392578
2020-02-26,11678.5,1640.0,97.80565643310547,18.260000228881836,71.87000274658203
2020-02-27,11633.2998046875,1640.0,98.28022003173828,17.770000457763672,71.66339874267578
2020-02-28,11201.75,1564.0999755859375,99.38202667236328,23.239999771118164,71.93000030517578
2020-03-02,11132.75,1592.300048828125,99.31412506103516,25.200000762939453,72.1500015258789
2020-03-03,11303.2998046875,1642.0999755859375,100.46820068359375,24.540000915527344,72.82499694824219
2020-03-04,11251.0,1641.0999755859375,100.24757385253906,24.229999542236328,73.34200286865234
2020-03-05,11269.0,1666.4000244140625,101.1385269165039,23.25,74.0425033569336
2020-03-06,10989.4501953125,1670.800048828125,102.1652603149414,25.639999389648438,73.8551025390625
2020-03-09,10451.4501953125,1674.5,103.08169555664062,30.799999237060547,73.99530029296875
2020-03-10,,1659.0999755859375,101.18946838378906,,74.40599822998047
2020-03-11,10458.400390625,1641.4000244140625,100.17967987060547,31.559999465942383,74.20500183105469
2020-03-12,9590.150390625,1589.300048828125,100.23062133789062,41.15999984741211,74.76000213623047
2020-03-13,9955.2001953125,1515.699951171875,99.57719421386719,51.470001220703125,75.30000305175781
2020-03-16,9197.400390625,1485.9000244140625,102.20773315429688,58.880001068115234,73.90399932861328
2020-03-17,8967.0498046875,1524.9000244140625,99.64508056640625,62.93000030517578,75.15499877929688
2020-03-18,8468.7998046875,1477.300048828125,98.2619857788086,63.959999084472656,74.01239776611328
2020-03-19,8263.4501953125,1478.5999755859375,98.58441162109375,72.19999694824219,74.98200225830078
2020-03-20,8745.4501953125,1484.0,101.09613037109375,67.0999984741211,75.15969848632812
2020-03-23,7610.25,1567.0,102.29256439208984,71.98999786376953,75.62210083007812
2020-03-24,7801.0498046875,1660.199951171875,101.59675598144531,83.61000061035156,76.50599670410156
2020-03-25,8317.849609375,1632.300048828125,101.65617370605469,77.62999725341797,77.26000213623047
2020-03-26,8641.4501953125,1650.0999755859375,101.90222930908203,71.52999877929688,75.84549713134766
2020-03-27,8660.25,1623.9000244140625,102.65745544433594,70.38999938964844,74.72560119628906
2020-03-30,8281.099609375,1622.0,102.89505767822266,71.88999938964844,75.46499633789062
2020-03-31,8597.75,1583.4000244140625,103.08169555664062,64.41000366210938,75.4000015258789
2020-04-01,8253.7998046875,1578.199951171875,103.50138854980469,60.04999923706055,75.32499694824219
2020-04-02,,1625.699951171875,103.51837921142578,,77.56999969482422
2020-04-03,8083.7998046875,1633.699951171875,103.59484100341797,55.29999923706055,77.13999938964844
2020-04-06,,1677.0,103.12759399414062,,76.2300033569336
2020-04-07,8792.2001953125,1664.800048828125,102.6688003540039,51.79999923706055,75.96489715576172
2020-04-08,8748.75,1665.4000244140625,102.54138946533203,52.2400016784668,76.66000366210938
2020-04-09,9111.900390625,1736.199951171875,102.76227569580078,49.75,75.95899963378906
2020-04-10,,,,,76.6500015258789
2020-04-13,8993.849609375,1744.800048828125,102.54138946533203,51.459999084472656,76.16649627685547
2020-04-14,,1756.699951171875,102.67733764648438,,76.91000366210938
2020-04-15,8925.2998046875,1727.199951171875,103.59484100341797,49.7400016784668,75.93099975585938
2020-04-16,8992.7998046875,1720.4000244140625,103.70526123046875,46.099998474121094,77.2125015258789
2020-04-17,9266.75,1689.199951171875,103.43344116210938,42.59000015258789,77.56999969482422
2020-04-20,9261.849609375,1701.5999755859375,103.70526123046875,43.459999084472656,76.55999755859375
2020-04-21,8981.4501953125,1678.199951171875,103.994140625,45.20000076293945,77.20999908447266
2020-04-22,9187.2998046875,1728.699951171875,103.67131805419922,42.81999969482422,76.96939849853516
2020-04-23,9313.900390625,1733.300048828125,103.73926544189453,39.22999954223633,76.4000015258789
2020-04-24,9154.400390625,1723.5,103.7647476196289,39.119998931884766,76.42250061035156
2020-04-27,9282.2998046875,1711.9000244140625,103.21255493164062,38.040000915527344,76.27149963378906
2020-04-28,9380.900390625,1710.5,103.66284942626953,35.349998474121094,76.1863021850586
2020-04-29,9553.349609375,1703.4000244140625,103.61185455322266,33.84000015258789,76.46499633789062
2020-04-30,9859.900390625,1684.199951171875,103.3654556274414,33.9900016784668,75.25849914550781
2020-05-01,,1694.5,103.50833129882812,,75.72000122070312
2020-05-04,9293.5,1706.9000244140625,103.52536010742188,43.66999816894531,75.60050201416016
2020-05-05,9205.599609375,1704.4000244140625,103.4488296508789,43.61000061035156,75.8499984741211
2020-05-06,9270.900390625,1684.199951171875,103.06611633300781,41.25,76.16999816894531
2020-05-07,9199.0498046875,1721.800048828125,103.69544982910156,39.93000030517578,76.15129852294922
2020-05-08,9251.5,1709.9000244140625,103.35527801513672,38.40999984741211,76.08000183105469
2020-05-11,9239.2001953125,1695.300048828125,103.06611633300781,38.040000915527344,75.5250015258789
2020-05-12,9196.5498046875,1704.4000244140625,103.40628814697266,38.209999084472656,76.30999755859375
2020-05-13,9383.5498046875,1713.9000244140625,103.618896484375,38.84000015258789,75.68000030517578
2020-05-14,9142.75,1738.0999755859375,103.78048706054688,38.18000030517578,75.42620086669922
2020-05-15,9136.849609375,1753.4000244140625,103.71243286132812,38.02000045776367,75.48500061035156
2020-05-18,8823.25,1731.800048828125,103.0746078491211,40.91999816894531,75.81999969482422
2020-05-19,8879.099609375,1744.199951171875,103.36378479003906,39.45000076293945,75.60009765625
2020-05-20,9066.5498046875,1750.5999755859375,103.3892822265625,35.810001373291016,76.0
2020-05-21,9106.25,1720.5,103.45731353759766,32.9900016784668,75.77999877929688
2020-05-22,9039.25,1734.5999755859375,103.65291595458984,32.380001068115234,75.625
2020-05-25,,,,,75.98500061035156
2020-05-26,9029.0498046875,1704.800048828125,103.38077545166016,31.469999313354492,76.11000061035156
2020-05-27,9314.9501953125,1710.300048828125,103.46583557128906,31.270000457763672,75.81999969482422
2020-05-28,9490.099609375,1713.300048828125,103.37227630615234,30.020000457763672,76.12999725341797
2020-05-29,9580.2998046875,1751.699951171875,103.70394134521484,30.219999313354492,75.95999908447266
2020-06-01,9826.150390625,1750.300048828125,103.66311645507812,30.739999771118164,75.51319885253906
2020-06-02,9979.099609375,1734.0,103.4928207397461,30.1200008392334,75.7300033569336
2020-06-03,10061.5498046875,1704.800048828125,102.8799057006836,30.040000915527344,75.06580352783203
2020-06-04,10029.099609375,1727.4000244140625,102.47122192382812,29.690000534057617,75.54499816894531
2020-06-05,10142.150390625,1683.0,101.96051025390625,28.68000030517578,75.49089813232422
2020-06-08,10167.4501953125,1705.0999755859375,102.0711441040039,29.649999618530273,75.5177001953125
2020-06-09,10046.650390625,1721.9000244140625,102.43722534179688,30.209999084472656,75.625
2020-06-10,10116.150390625,1720.699951171875,103.20338439941406,29.440000534057617,75.50980377197266
2020-06-11,9902.0,1739.800048828125,103.5694580078125,29.65999984741211,75.875
2020-06-12,9972.900390625,1737.300048828125,103.33960723876953,30.81999969482422,76.38999938964844
2020-06-15,9813.7001953125,1727.199951171875,103.25444030761719,32.58000183105469,75.95680236816406
2020-06-16,9914.0,1736.5,103.04161071777344,32.970001220703125,75.97799682617188
2020-06-17,9881.150390625,1735.5999755859375,103.20338439941406,33.349998474121094,76.65499877929688
2020-06-18,10091.650390625,1731.0999755859375,103.43321228027344,31.459999084472656,76.55000305175781
2020-06-19,10244.400390625,1753.0,103.46726989746094,29.969999313354492,76.40039825439453
2020-06-22,10311.2001953125,1766.4000244140625,103.37366485595703,30.459999084472656,76.2520980834961
2020-06-23,10471.0,1782.0,103.33960723876953,29.34000015258789,75.78980255126953
2020-06-24,10305.2998046875,1775.0999755859375,103.53539276123047,29.579999923706055,75.60780334472656
2020-06-25,10288.900390625,1770.5999755859375,103.5523910522461,29.729999542236328,75.97000122070312
2020-06-26,10383.0,1780.300048828125,103.83332824707031,28.739999771118164,75.53980255126953
2020-06-29,10312.400390625,1781.199951171875,103.93551635742188,28.90999984741211,75.61979675292969
2020-06-30,10302.099609375,1800.5,103.74822998046875,29.1200008392334,75.69999694824219
2020-07-01,10430.0498046875,1779.9000244140625,103.5863265991211,28.1200008392334,75.75
2020-07-02,10551.7001953125,1790.0,103.714111328125,26.510000228881836,75.45490264892578
2020-07-03,10607.349609375,,,25.770000457763672,74.72100067138672
2020-07-06,10763.650390625,1793.5,103.56075286865234,25.200000762939453,74.6792984008789
2020-07-07,10799.650390625,1809.9000244140625,103.89305114746094,25.100000381469727,74.60759735107422
2020-07-08,10705.75,1820.5999755859375,103.73113250732422,26.100000381469727,75.125
2020-07-09,10813.4501953125,1803.800048828125,104.06346893310547,24.90999984741211,74.93990325927734
2020-07-10,10768.0498046875,1801.9000244140625,103.8589859008789,24.940000534057617,75.33999633789062
2020-07-13,10802.7001953125,1814.0999755859375,103.96973419189453,25.25,75.15850067138672
2020-07-14,10607.349609375,1813.4000244140625,103.96125793457031,26.639999389648438,75.44999694824219
2020-07-15,10618.2001953125,1813.800048828125,103.92713165283203,26.290000915527344,75.57499694824219
2020-07-16,10739.9501953125,1800.300048828125,104.00382995605469,25.360000610351562,75.1249008178711
2020-07-17,10901.7001953125,1810.0,103.97825622558594,24.15999984741211,75.17449951171875
2020-07-20,11022.2001953125,1817.4000244140625,104.04640197753906,24.709999084472656,74.89730072021484
2020-07-21,11162.25,1843.9000244140625,104.1572036743164,24.43000030517578,74.98999786376953
2020-07-22,11132.599609375,1865.0999755859375,104.1912841796875,24.889999389648438,74.7699966430664
2020-07-23,11215.4501953125,1890.0,104.29354095458984,24.639999389648438,74.81999969482422
2020-07-24,11194.150390625,1897.5,104.24241638183594,24.540000915527344,74.80729675292969
2020-07-27,11131.7998046875,1931.0,104.08051300048828,25.020000457763672,74.75980377197266
2020-07-28,11300.5498046875,1944.5999755859375,104.32763671875,23.639999389648438,75.0
2020-07-29,11202.849609375,1953.4000244140625,104.46395111083984,24.110000610351562,75.08999633789062
2020-07-30,11102.150390625,1942.300048828125,104.60881805419922,24.729999542236328,74.8311996459961
2020-07-31,11073.4501953125,1962.800048828125,104.63436889648438,24.190000534057617,74.98999786376953
2020-08-03,10891.599609375,1966.0,104.58319091796875,25.190000534057617,74.91780090332031
2020-08-04,11095.25,2021.0,104.94133758544922,23.81999969482422,75.33000183105469
2020-08-05,11101.650390625,2049.300048828125,104.5916976928711,23.56999969482422,75.25
2020-08-06,11200.150390625,2069.39990234375,104.71114349365234,23.149999618530273,74.8822021484375
2020-08-07,11214.0498046875,2028.0,104.48941040039062,22.579999923706055,74.8998031616211
2020-08-10,11270.150390625,2039.699951171875,104.3785400390625,22.510000228881836,75.0248031616211
2020-08-11,11322.5,1946.300048828125,104.02041625976562,21.360000610351562,75.0999984741211
2020-08-12,11308.400390625,1949.0,103.71341705322266,20.850000381469727,74.9000015258789
2020-08-13,11300.4501953125,1970.4000244140625,103.50019836425781,20.56999969482422,74.77210235595703
2020-08-14,11178.400390625,1949.800048828125,103.55133819580078,21.670000076293945,75.02999877929688
2020-08-17,11247.099609375,1998.699951171875,103.72189331054688,21.309999465942383,74.90280151367188
2020-08-18,11385.349609375,2013.0999755859375,103.90099334716797,20.43000030517578,75.0
2020-08-19,11408.400390625,1970.300048828125,103.76451873779297,19.959999084472656,74.79499816894531
2020-08-20,11312.2001953125,1946.5,104.06301879882812,20.6200008392334,74.966796875
2020-08-21,11371.599609375,1947.0,104.13976287841797,19.940000534057617,74.9999008178711
2020-08-24,11466.4501953125,1939.199951171875,103.99479675292969,19.229999542236328,74.92179870605469
2020-08-25,11472.25,1923.0999755859375,103.74748992919922,19.31999969482422,74.4000015258789
2020-08-26,11549.599609375,1952.5,103.70484161376953,19.299999237060547,74.45249938964844
2020-08-27,11559.25,1932.5999755859375,103.3381576538086,18.899999618530273,74.24009704589844
2020-08-28,11647.599609375,1974.9000244140625,103.50871276855469,18.350000381469727,73.77449798583984
2020-08-31,11387.5,1978.5999755859375,103.61957550048828,22.84000015258789,73.12830352783203
2020-09-01,11470.25,1978.9000244140625,103.9592514038086,21.799999237060547,73.66999816894531
2020-09-02,11535.0,1944.699951171875,104.10432434082031,21.110000610351562,73.2699966430664
2020-09-03,11527.4501953125,1937.800048828125,104.2408218383789,20.5,73.24849700927734
2020-09-04,11333.849609375,1934.300048828125,103.6605224609375,22.149999618530273,73.4478988647461
2020-09-07,11355.0498046875,,,22.010000228881836,73.29029846191406
2020-09-08,11317.349609375,1943.199951171875,103.88239288330078,22.719999313354492,73.6500015258789
2020-09-09,11278.0,1954.9000244140625,103.83120727539062,22.229999542236328,73.78679656982422
2020-09-10,11449.25,1964.300048828125,103.9592514038086,21.260000228881836,73.55000305175781
2020-09-11,11464.4501953125,1947.9000244140625,104.12138366699219,20.709999084472656,73.52729797363281
2020-09-14,11440.0498046875,1963.699951171875,104.02749633789062,21.190000534057617,73.47859954833984
2020-09-15,11521.7998046875,1966.199951171875,103.97628021240234,20.600000381469727,73.61499786376953
2020-09-16,11604.5498046875,1970.5,103.91654968261719,19.65999984741211,73.80000305175781
2020-09-17,11516.099609375,1949.9000244140625,103.95069122314453,20.100000381469727,73.55069732666016
2020-09-18,11504.9501953125,1962.0999755859375,103.85680389404297,20.049999237060547,73.58360290527344
2020-09-21,11250.5498046875,1910.5999755859375,104.04454803466797,22.190000534057617,73.53479766845703
2020-09-22,11153.650390625,1907.5999755859375,104.04454803466797,21.40999984741211,73.57980346679688
2020-09-23,11131.849609375,1868.4000244140625,104.04454803466797,20.989999771118164,73.50299835205078
2020-09-24,10805.5498046875,1876.9000244140625,104.09575653076172,23.510000228881836,73.77839660644531
2020-09-25,11050.25,1866.300048828125,104.1811294555664,20.68000030517578,73.68240356445312
2020-09-28,11227.5498046875,1882.300048828125,104.16405487060547,19.56999969482422,73.69930267333984
2020-09-29,11222.400390625,1903.199951171875,104.2408218383789,19.770000457763672,73.9749984741211
2020-09-30,11247.5498046875,1895.5,103.9592514038086,19.530000686645508,73.84500122070312
2020-10-01,11416.9501953125,1916.300048828125,104.01815032958984,18.350000381469727,73.70500183105469
2020-10-02,,1907.5999755859375,103.91568756103516,,73.21700286865234
2020-10-05,11503.349609375,1920.0999755859375,103.25814056396484,19.700000762939453,73.32240295410156
2020-10-06,11662.400390625,1908.800048828125,103.4972152709961,19.639999389648438,73.1082992553711
2020-10-07,11738.849609375,1890.800048828125,103.19837188720703,20.059999465942383,73.81500244140625
2020-10-08,11834.599609375,1895.0999755859375,103.3862533569336,20.3799991607666,73.5425033569336
2020-10-09,11914.2001953125,1926.199951171875,103.33499908447266,20.3799991607666,73.28050231933594
2020-10-12,11930.9501953125,1928.9000244140625,103.44600677490234,21.1299991607666,73.01480102539062
2020-10-13,11934.5,1894.5999755859375,103.6765365600586,20.719999313354492,73.35079956054688
2020-10-14,11971.0498046875,1907.300048828125,103.71070861816406,20.209999084472656,73.62000274658203
2020-10-15,11680.349609375,1908.9000244140625,103.5997314453125,22.059999465942383,73.29620361328125
2020-10-16,11762.4501953125,1906.4000244140625,103.53992462158203,21.649999618530273,73.37100219726562
2020-10-19,11873.0498046875,1911.699951171875,103.36914825439453,21.81999969482422,73.44380187988281
2020-10-20,11896.7998046875,1915.4000244140625,103.14712524414062,22.690000534057617,73.57499694824219
2020-10-21,11937.650390625,1929.5,103.01049041748047,22.920000076293945,73.64749908447266
2020-10-22,11896.4501953125,1904.5999755859375,102.65181732177734,22.639999389648438,73.6812973022461
2020-10-23,11930.349609375,1905.199951171875,102.79698181152344,21.829999923706055,73.72000122070312
2020-10-26,11767.75,1905.699951171875,103.07023620605469,22.829999923706055,73.8228988647461
2020-10-27,11889.400390625,1911.9000244140625,103.30081939697266,22.200000762939453,73.94850158691406
2020-10-28,11729.599609375,1879.199951171875,103.29229736328125,23.280000686645508,73.80500030517578
2020-10-29,11670.7998046875,1868.0,102.85680389404297,24.020000457763672,74.44000244140625
2020-10-30,11642.400390625,1879.9000244140625,102.52372741699219,24.75,74.26399993896484
2020-11-02,11669.150390625,1892.5,102.69978332519531,25.209999084472656,74.55049896240234
2020-11-03,11813.5,1910.4000244140625,102.46907043457031,24.239999771118164,74.45680236816406
2020-11-04,11908.5,1896.199951171875,103.3320541381836,23.200000762939453,74.65560150146484
2020-11-05,12120.2998046875,1946.800048828125,103.31501007080078,20.969999313354492,74.37999725341797
2020-11-06,12263.5498046875,1951.699951171875,102.96464538574219,20.5,74.12000274658203
2020-11-09,12461.0498046875,1854.4000244140625,102.20418548583984,20.110000610351562,73.97979736328125
2020-11-10,12631.099609375,1876.4000244140625,101.91364288330078,21.579999923706055,73.95320129394531
2020-11-11,12749.150390625,1861.5999755859375,102.07601928710938,22.030000686645508,74.28160095214844
2020-11-12,12690.7998046875,1873.300048828125,102.65705108642578,20.6200008392334,74.56999969482422
2020-11-13,12719.9501953125,1886.199951171875,102.52033996582031,19.700000762939453,74.86499786376953
2020-11-16,,1887.800048828125,102.44344329833984,,74.48770141601562
2020-11-17,12874.2001953125,1885.0999755859375,102.70832061767578,19.799999237060547,74.41809844970703
2020-11-18,12938.25,1873.9000244140625,102.67413330078125,19.1200008392334,74.47969818115234
2020-11-19,12771.7001953125,1861.5,102.78521728515625,19.56999969482422,74.41999816894531
2020-11-20,12859.0498046875,1872.4000244140625,102.96464538574219,19.6200008392334,74.09960174560547
2020-11-23,12926.4501953125,1837.800048828125,102.7596206665039,20.799999237060547,74.16239929199219
2020-11-24,13055.150390625,1804.5999755859375,102.5972671508789,21.059999465942383,74.24490356445312
2020-11-25,12858.400390625,1805.5,102.63140869140625,23.1299991607666,73.96080017089844
2020-11-26,12987.0,,,20.020000457763672,73.77989959716797
2020-11-27,12968.9501953125,1781.9000244140625,102.93902587890625,19.81999969482422,74.04879760742188
2020-11-30,,1775.699951171875,102.87066650390625,,73.94090270996094
2020-12-01,13109.0498046875,1814.0999755859375,102.32341766357422,20.18000030517578,74.02519989013672
2020-12-02,13113.75,1830.199951171875,102.15242004394531,19.90999984741211,73.65499877929688
2020-12-03,13133.900390625,1841.0999755859375,102.42604064941406,19.0,73.66259765625
2020-12-04,13258.5498046875,1840.0,102.024169921875,18.030000686645508,73.86489868164062
2020-12-07,13355.75,1866.0,102.34053802490234,18.020000457763672,73.79029846191406
2020-12-08,13392.9501953125,1874.9000244140625,102.4431381225586,18.6200008392334,74.0199966430664
2020-12-09,13529.099609375,1838.5,102.29778289794922,18.920000076293945,73.72640228271484
2020-12-10,13478.2998046875,1837.4000244140625,102.52867889404297,18.709999084472656,73.93499755859375
2020-12-11,13513.849609375,1843.5999755859375,102.73387908935547,18.790000915527344,73.72669982910156
2020-12-14,13558.150390625,1832.0999755859375,102.67399597167969,19.399999618530273,73.73799896240234
2020-12-15,13567.849609375,1855.300048828125,102.5714111328125,19.350000381469727,73.86000061035156
2020-12-16,13682.7001953125,1859.0999755859375,102.48590087890625,19.200000762939453,73.75980377197266
2020-12-17,13740.7001953125,1890.4000244140625,102.41143035888672,19.15999984741211,73.6166000366211
2020-12-18,13760.5498046875,1888.9000244140625,102.325927734375,18.6200008392334,73.52980041503906
2020-12-21,13328.400390625,1882.800048828125,102.39435577392578,23.190000534057617,73.60359954833984
2020-12-22,13466.2998046875,1870.300048828125,102.56544494628906,21.989999771118164,73.935302734375
2020-12-23,13601.099609375,1878.0999755859375,102.35155487060547,20.5,74.2699966430664
2020-12-24,13749.25,1883.199951171875,102.49703979492188,19.969999313354492,73.83979797363281
2020-12-25,,,,,73.55780029296875
2020-12-28,13873.2001953125,1880.4000244140625,102.5055923461914,20.43000030517578,73.68900299072266
2020-12-29,13932.599609375,1882.9000244140625,102.48844146728516,20.790000915527344,73.5448989868164
2020-12-30,13981.9501953125,1893.4000244140625,102.55693817138672,21.110000610351562,73.45359802246094
2020-12-31,13981.75,1895.0999755859375,102.62537384033203,21.100000381469727,73.13400268554688
2021-01-01,14018.5,,,,73.08920288085938
2021-01-04,14132.900390625,1946.5999755859375,102.65103149414062,20.030000686645508,73.09200286865234
2021-01-05,14199.5,1954.4000244140625,102.41143035888672,20.459999084472656,73.31999969482422
2021-01-06,14146.25,1908.5999755859375,101.81256103515625,21.0,73.37480163574219
2021-01-07,14137.349609375,1913.5999755859375,101.45323944091797,20.6200008392334,73.36000061035156
2021-01-08,14347.25,1835.4000244140625,101.16236114501953,20.639999389648438,73.44599914550781
2021-01-11,14484.75,1850.800048828125,100.96558380126953,22.3799991607666,73.37339782714844
2021-01-12,14563.4501953125,1844.199951171875,100.94844818115234,22.850000381469727,73.51349639892578
2021-01-13,14564.849609375,1854.9000244140625,101.29924011230469,23.290000915527344,73.16500091552734
2021-01-14,14595.599609375,1851.4000244140625,101.0682373046875,23.030000686645508,73.1698989868164
2021-01-15,14433.7001953125,1829.9000244140625,101.34201049804688,24.010000228881836,73.08760070800781
2021-01-18,14281.2998046875,,,24.399999618530273,73.15899658203125
2021-01-19,14521.150390625,1840.199951171875,101.40189361572266,22.899999618530273,73.1886978149414
2021-01-20,14644.7001953125,1866.5,101.44468688964844,21.549999237060547,73.19190216064453
2021-01-21,14590.349609375,1865.9000244140625,101.29924011230469,22.18000030517578,72.91089630126953
2021-01-22,14371.900390625,1856.199951171875,101.45323944091797,,72.95490264892578
2021-01-25,14238.900390625,1855.199951171875,101.8638916015625,23.25,72.99590301513672
2021-01-26,,1850.9000244140625,101.8296890258789,,72.97000122070312
2021-01-27,13967.5,1844.9000244140625,101.94947052001953,24.389999389648438,72.91999816894531
2021-01-28,13817.5498046875,1837.9000244140625,101.68425750732422,24.290000915527344,73.03710174560547
2021-01-29,13634.599609375,1847.300048828125,101.50457763671875,25.34000015258789,72.93879699707031
2021-02-01,14281.2001953125,1863.9000244140625,101.63127899169922,23.31999969482422,72.90660095214844
2021-02-02,14647.849609375,1833.4000244140625,101.37448120117188,23.350000381469727,73.11979675292969
2021-02-03,14789.9501953125,1835.0999755859375,101.12614440917969,23.75,72.91629791259766
2021-02-04,14895.650390625,1791.199951171875,101.09191131591797,23.1200008392334,72.85800170898438
2021-02-05,14924.25,1813.0,100.87786865234375,23.420000076293945,72.9457015991211
2021-02-08,15115.7998046875,1834.199951171875,100.9206771850586,23.959999084472656,72.78479766845703
2021-02-09,15109.2998046875,1837.5,100.99771881103516,24.270000457763672,72.92990112304688
2021-02-10,15106.5,1842.699951171875,101.25458526611328,23.950000762939453,72.85489654541016
2021-02-11,15173.2998046875,1826.800048828125,101.17752838134766,23.049999237060547,72.80729675292969
2021-02-12,15163.2998046875,1823.199951171875,100.8436279296875,22.040000915527344,72.70950317382812
2021-02-15,15314.7001953125,,,,72.59480285644531
2021-02-16,15313.4501953125,1799.0,100.11592864990234,21.780000686645508,72.63870239257812
2021-02-17,15208.900390625,1772.800048828125,100.18441009521484,,72.93499755859375
2021-02-18,15118.9501953125,1775.0,100.17584228515625,21.540000915527344,72.79730224609375
2021-02-19,14981.75,1777.4000244140625,99.77348327636719,22.25,72.60540008544922
2021-02-22,14675.7001953125,1808.4000244140625,99.61078643798828,25.469999313354492,72.5530014038086
2021-02-23,14707.7998046875,1805.9000244140625,99.68785858154297,25.229999542236328,72.44400024414062
2021-02-24,14982.0,1797.9000244140625,99.55085754394531,24.170000076293945,72.37699890136719
2021-02-25,15097.349609375,1775.4000244140625,98.22388458251953,22.889999389648438,72.4000015258789
2021-02-26,14529.150390625,1728.800048828125,99.10569763183594,28.139999389648438,73.1509017944336
2021-03-01,14761.5498046875,1723.0,98.99429321289062,25.6299991607666,73.59590148925781
2021-03-02,14919.099609375,1733.5999755859375,99.17422485351562,23.610000610351562,73.30940246582031
2021-03-03,15245.599609375,1715.800048828125,98.64311218261719,22.09000015258789,73.27749633789062
2021-03-04,15080.75,1700.699951171875,98.1548080444336,24.149999618530273,72.88069915771484
2021-03-05,14938.099609375,1698.5,98.01774597167969,25.559999465942383,73.13179779052734
2021-03-08,14956.2001953125,1678.0,97.63225555419922,24.68000030517578,73.1333999633789
2021-03-09,15098.400390625,1716.9000244140625,98.09486389160156,22.5,73.33000183105469
2021-03-10,15174.7998046875,1721.800048828125,98.30044555664062,20.75,72.7759017944336
2021-03-11,,1722.5999755859375,98.26619720458984,,72.70600128173828
2021-03-12,15030.9501953125,1719.800048828125,97.55513763427734,21.709999084472656,72.63899993896484
2021-03-15,14929.5,1729.199951171875,97.67508697509766,21.229999542236328,72.68299865722656
2021-03-16,14910.4501953125,1730.9000244140625,97.65792846679688,20.190000534057617,72.51529693603516
2021-03-17,14721.2998046875,1727.0999755859375,97.49518585205078,20.15999984741211,72.5156021118164
2021-03-18,14557.849609375,1732.5,96.88697052001953,20.079999923706055,72.29560089111328
2021-03-19,14744.0,1741.699951171875,96.82695770263672,19.989999771118164,72.6688003540039
2021-03-22,14736.400390625,1738.0999755859375,97.14398193359375,20.489999771118164,72.40499877929688
2021-03-23,14814.75,1725.0999755859375,97.62368774414062,20.670000076293945,72.38050079345703
2021-03-24,14549.400390625,1733.199951171875,97.75216674804688,22.459999084472656,72.61219787597656
2021-03-25,14324.900390625,1725.0999755859375,97.62368774414062,22.700000762939453,72.64559936523438
2021-03-26,14507.2998046875,1732.300048828125,97.29816436767578,20.649999618530273,72.61280059814453
2021-03-29,,1712.199951171875,96.96404266357422,,72.44719696044922
2021-03-30,14845.099609375,1683.9000244140625,96.87837219238281,20.489999771118164,72.74189758300781
2021-03-31,14690.7001953125,1713.800048828125,96.7413330078125,20.649999618530273,73.44529724121094
2021-04-01,14867.349609375,1728.4000244140625,97.16991424560547,19.989999771118164,73.20349884033203
2021-04-02,,,,,73.28730010986328
2021-04-05,14637.7998046875,1728.800048828125,96.8956069946289,21.219999313354492,73.3759994506836
2021-04-06,14683.5,1743.0,97.3670425415039,20.84000015258789,73.27950286865234
2021-04-07,14819.0498046875,1741.5999755859375,97.30708312988281,20.25,73.48999786376953
2021-04-08,14873.7998046875,1758.199951171875,97.64139556884766,20.309999465942383,74.40149688720703
2021-04-09,14834.849609375,1744.800048828125,97.38420867919922,19.790000915527344,74.54450225830078
2021-04-12,14310.7998046875,1732.699951171875,97.32420349121094,23.0,74.72949981689453
2021-04-13,14504.7998046875,1747.5999755859375,97.72708892822266,20.459999084472656,74.99099731445312
2021-04-14,,1736.300048828125,97.6070785522461,,75.18150329589844
2021-04-15,14581.4501953125,1766.800048828125,98.23280334472656,20.889999389648438,75.0261001586914
2021-04-16,14617.849609375,1780.199951171875,97.96708679199219,20.399999618530273,74.72740173339844
2021-04-19,14359.4501953125,1770.5999755859375,97.8642349243164,22.489999771118164,74.56320190429688
2021-04-20,14296.400390625,1778.4000244140625,98.15567779541016,22.43000030517578,74.8781967163086
2021-04-21,,1793.0999755859375,98.20710754394531,,75.44920349121094
2021-04-22,14406.150390625,1782.0,98.28425598144531,23.030000686645508,75.42949676513672
2021-04-23,14341.349609375,1777.800048828125,98.15567779541016,22.690000534057617,75.0916976928711
2021-04-26,14485.0,1780.0999755859375,98.05280303955078,23.5,74.86810302734375
2021-04-27,14653.0498046875,1778.800048828125,97.66706848144531,23.079999923706055,74.81490325927734
2021-04-28,14864.5498046875,1773.9000244140625,97.79563903808594,22.579999923706055,74.57499694824219
2021-04-29,14894.900390625,1768.300048828125,97.62420654296875,23.309999465942383,74.31179809570312
2021-04-30,14631.099609375,1767.699951171875,97.7099380493164,23.030000686645508,74.10579681396484
2021-05-03,14634.150390625,1791.800048828125,97.87632751464844,23.690000534057617,74.09480285644531
2021-05-04,14496.5,1776.0,98.00499725341797,23.010000228881836,73.8375015258789
2021-05-05,14617.849609375,1784.300048828125,98.12506866455078,,73.77890014648438
2021-05-06,14724.7998046875,1815.699951171875,98.16798400878906,22.040000915527344,73.79940032958984
2021-05-07,14823.150390625,1831.300048828125,98.2022933959961,20.81999969482422,73.61519622802734
2021-05-10,14942.349609375,1837.5999755859375,98.00499725341797,20.229999542236328,73.29029846191406
2021-05-11,14850.75,1836.0999755859375,97.84201049804688,,73.5
2021-05-12,14696.5,1822.800048828125,97.37025451660156,20.079999923706055,73.3750991821289
2021-05-13,,1824.0,97.69625091552734,,73.68160247802734
2021-05-14,14677.7998046875,1838.0999755859375,97.91065979003906,20.270000457763672,73.44490051269531
2021-05-17,14923.150390625,1867.5999755859375,97.81629943847656,19.610000610351562,73.27890014648438
2021-05-18,15108.099609375,1868.0,97.81629943847656,19.239999771118164,73.26969909667969
2021-05-19,15030.150390625,1881.5,97.52468872070312,19.31999969482422,73.1281967163086
2021-05-20,14906.0498046875,1881.9000244140625,97.92779541015625,,73.222900390625
2021-05-21,15175.2998046875,1876.699951171875,97.96210479736328,19.079999923706055,73.02189636230469
2021-05-24,15197.7001953125,1884.5,98.05644989013672,19.1299991607666,72.90979766845703
2021-05-25,15208.4501953125,1898.0,98.41670989990234,,72.83660125732422
2021-05-26,15301.4501953125,1901.199951171875,98.30519104003906,20.8700008392334,72.80490112304688
2021-05-27,15337.849609375,1895.699951171875,98.13365173339844,19.90999984741211,72.67250061035156
2021-05-28,15435.650390625,1902.5,98.12506866455078,17.399999618530273,72.68299865722656
2021-05-31,15582.7998046875,,,,72.39350128173828
2021-06-01,15574.849609375,1905.0,98.10704040527344,17.389999389648438,72.48719787597656
2021-06-02,15576.2001953125,1909.9000244140625,98.21863555908203,17.209999084472656,72.8550033569336
2021-06-03,15690.349609375,1873.300048828125,97.9697036743164,15.75,72.96510314941406
2021-06-04,15670.25,1892.0,98.51045227050781,15.9399995803833,73.04419708251953
2021-06-07,15751.650390625,1898.800048828125,98.4332275390625,15.569999694824219,72.90969848632812
2021-06-08,15740.099609375,1894.4000244140625,98.71648406982422,15.229999542236328,72.80940246582031
2021-06-09,15635.349609375,1895.5,99.02549743652344,14.75,72.97530364990234
2021-06-10,15737.75,1896.4000244140625,99.37737274169922,15.0,72.98529815673828
2021-06-11,15799.349609375,1879.5999755859375,99.23148345947266,14.100000381469727,73.01229858398438
2021-06-14,15811.849609375,1865.9000244140625,98.9224624633789,14.720000267028809,73.23159790039062
2021-06-15,15869.25,1856.4000244140625,98.93962860107422,14.609999656677246,73.18080139160156
2021-06-16,15767.5498046875,1861.4000244140625,98.2615737915039,14.869999885559082,73.3447036743164
2021-06-17,15691.400390625,1774.800048828125,98.61347198486328,15.289999961853027,73.8240966796875
2021-06-18,15683.349609375,1769.0,99.17140197753906,14.800000190734863,74.25389862060547
2021-06-21,15746.5,1782.9000244140625,98.85380554199219,15.0600004196167,74.1438980102539
2021-06-22,15772.75,1777.4000244140625,99.03406524658203,14.739999771118164,74.13520050048828
2021-06-23,15686.9501953125,1783.4000244140625,98.83665466308594,15.369999885559082,74.33219909667969
2021-06-24,15790.4501953125,1776.699951171875,98.81949615478516,15.100000381469727,74.24690246582031
2021-06-25,15860.349609375,1777.800048828125,98.61347198486328,13.369999885559082,74.19029998779297
2021-06-28,15814.7001953125,1780.699951171875,98.9224624633789,13.399999618530273,74.21299743652344
2021-06-29,15748.4501953125,1763.5999755859375,98.97399139404297,13.0,74.285400390625
2021-06-30,15721.5,1771.5999755859375,99.12846374511719,13.050000190734863,74.28759765625
2021-07-01,15680.0,1776.800048828125,99.05714416503906,12.84000015258789,74.37100219726562
2021-07-02,15722.2001953125,1783.300048828125,99.41793823242188,12.09000015258789,74.54499816894531
2021-07-05,15834.349609375,,,,74.48179626464844
2021-07-06,15818.25,1794.199951171875,99.94185638427734,12.279999732971191,74.31780242919922
2021-07-07,15879.650390625,1802.0999755859375,100.23387908935547,12.210000038146973,74.76290130615234
2021-07-08,15727.900390625,1800.199951171875,100.49156188964844,13.5600004196167,74.8218994140625
2021-07-09,15689.7998046875,1810.5999755859375,99.98479461669922,12.9399995803833,74.72139739990234
2021-07-12,15692.599609375,1805.9000244140625,99.93325805664062,12.989999771118164,74.4905014038086
2021-07-13,15812.349609375,1809.9000244140625,99.62406921386719,12.619999885559082,74.54170227050781
2021-07-14,15853.9501953125,1825.0,100.05348205566406,12.59000015258789,74.65910339355469
2021-07-15,15924.2001953125,1829.0,100.474365234375,12.270000457763672,74.46910095214844
2021-07-16,15923.400390625,1815.0,100.45719146728516,11.710000038146973,74.53700256347656
2021-07-19,15752.400390625,1809.199951171875,101.31609344482422,12.680000305175781,74.63179779052734
2021-07-20,15632.099609375,1811.4000244140625,101.18724822998047,13.210000038146973,74.99340057373047
2021-07-21,,1803.4000244140625,100.60318756103516,,74.5270004272461
2021-07-22,15824.0498046875,1805.4000244140625,100.83511352539062,11.890000343322754,74.44020080566406
2021-07-23,15856.0498046875,1801.800048828125,100.68050384521484,11.760000228881836,74.4520034790039
2021-07-26,15824.4501953125,1799.199951171875,100.61178588867188,12.449999809265137,74.44889831542969
2021-07-27,15746.4501953125,1799.800048828125,101.0412368774414,13.229999542236328,74.28949737548828
2021-07-28,15709.400390625,1799.699951171875,101.12712097167969,13.6899995803833,74.5022964477539
2021-07-29,15778.4501953125,1831.199951171875,100.81793212890625,12.949999809265137,74.38999938964844
2021-07-30,15763.0498046875,1812.5999755859375,101.10137176513672,12.800000190734863,74.25199890136719
2021-08-02,15885.150390625,1822.199951171875,101.54487609863281,12.8100004196167,74.37909698486328
2021-08-03,16130.75,1814.0999755859375,101.57063293457031,13.75,74.33200073242188
2021-08-04,16258.7998046875,1814.5,101.54487609863281,13.210000038146973,74.21440124511719
2021-08-05,16294.599609375,1808.9000244140625,101.17528533935547,12.869999885559082,74.18399810791016
2021-08-06,16238.2001953125,1763.0999755859375,100.58226013183594,12.609999656677246,74.08200073242188
2021-08-09,16258.25,1726.5,100.36738586425781,12.609999656677246,74.49140167236328
2021-08-10,16280.099609375,1731.699951171875,100.17828369140625,12.710000038146973,74.46620178222656
2021-08-11,16282.25,1753.300048828125,100.29005432128906,12.710000038146973,74.43550109863281
2021-08-12,16364.400390625,1751.800048828125,100.18692016601562,12.369999885559082,74.10299682617188
2021-08-13,16529.099609375,1778.199951171875,100.76276397705078,12.989999771118164,74.26010131835938
2021-08-16,16563.05078125,1789.800048828125,100.98619079589844,13.460000038146973,74.216796875
2021-08-17,16614.599609375,1787.800048828125,100.9346694946289,13.40999984741211,74.13500213623047
2021-08-18,16568.849609375,1784.4000244140625,100.88304901123047,12.90999984741211,74.364501953125
2021-08-19,,1783.0999755859375,101.10652923583984,,74.2697982788086
2021-08-20,16450.5,1784.0,101.0119857788086,14.020000457763672,74.4292984008789
2021-08-23,16496.44921875,1806.300048828125,101.03776550292969,13.6899995803833,74.30149841308594
2021-08-24,16624.599609375,1808.5,100.76276397705078,13.1899995803833,74.10590362548828
2021-08-25,16634.650390625,1791.0,100.36738586425781,13.5,74.1447982788086
2021-08-26,16636.900390625,1795.199951171875,100.36738586425781,13.539999961853027,74.0999984741211
2021-08-27,16705.19921875,1819.5,100.69395446777344,13.40999984741211,74.15599822998047
2021-08-30,16931.05078125,1812.199951171875,100.89167022705078,13.319999694824219,73.49659729003906
2021-08-31,17132.19921875,1818.0999755859375,100.70254516601562,14.520000457763672,73.41120147705078
2021-09-01,17076.25,1816.0,100.74556732177734,14.1899995803833,72.99669647216797
2021-09-02,17234.150390625,1811.5,100.86597442626953,14.239999771118164,72.98509979248047
2021-09-03,17323.599609375,1833.699951171875,100.62519836425781,14.539999961853027,73.0542984008789
2021-09-06,17377.80078125,,,15.109999656677246,72.99449920654297
2021-09-07,17362.099609375,1798.5,100.22955322265625,14.899999618530273,73.11000061035156
2021-09-08,17353.5,1793.5,100.5047607421875,14.40999984741211,73.3904037475586
2021-09-09,17369.25,1800.0,100.7885513305664,13.9399995803833,73.78900146484375
2021-09-10,,1792.0999755859375,100.4703598022461,,73.53800201416016
2021-09-13,17355.30078125,1794.4000244140625,100.59076690673828,14.029999732971191,73.52429962158203
2021-09-14,17380.0,1807.0999755859375,100.96918487548828,13.579999923706055,73.54080200195312
2021-09-15,17519.44921875,1794.800048828125,100.79718780517578,13.729999542236328,73.65080261230469
2021-09-16,17629.5,1756.699951171875,100.47895812988281,14.40999984741211,73.43800354003906
2021-09-17,17585.150390625,1751.4000244140625,100.18655395507812,15.229999542236328,73.56490325927734
2021-09-20,17396.900390625,1763.800048828125,100.6939697265625,17.489999771118164,73.69609832763672
2021-09-21,17562.0,1778.199951171875,100.63380432128906,16.520000457763672,73.65899658203125
2021-09-22,17546.650390625,1778.800048828125,100.72840118408203,16.489999771118164,73.7927017211914
2021-09-23,17822.94921875,1749.800048828125,99.81673431396484,16.600000381469727,73.8749008178711
2021-09-24,17853.19921875,1751.699951171875,99.51575469970703,16.920000076293945,73.83999633789062
2021-09-27,17855.099609375,1752.0,99.24913024902344,18.049999237060547,73.81289672851562
2021-09-28,17748.599609375,1737.5,98.87068939208984,18.540000915527344,73.82530212402344
2021-09-29,17711.30078125,1722.9000244140625,98.97386169433594,18.84000015258789,74.16329956054688
2021-09-30,17618.150390625,1757.0,99.09428405761719,18.399999618530273,74.3219985961914
2021-10-01,17532.05078125,1758.4000244140625,99.49879455566406,17.209999084472656,74.25440216064453
2021-10-04,17691.25,1767.5999755859375,99.37832641601562,16.739999771118164,74.152099609375
2021-10-05,17822.30078125,1760.9000244140625,99.06847381591797,16.399999618530273,74.57279968261719
2021-10-06,17646.0,1761.800048828125,99.09427642822266,17.329999923706055,74.56320190429688
2021-10-07,17790.349609375,1759.199951171875,98.6983871459961,16.15999984741211,74.76000213623047
2021-10-08,17895.19921875,1757.4000244140625,98.48323822021484,15.649999618530273,74.83000183105469
2021-10-11,17945.94921875,1755.699951171875,98.24230194091797,16.09000015258789,75.30580139160156
2021-10-12,17991.94921875,1759.300048828125,98.68980407714844,15.850000381469727,75.40260314941406
2021-10-13,18161.75,1794.699951171875,98.879150390625,16.100000381469727,75.48390197753906
2021-10-14,18338.55078125,1797.9000244140625,99.11150360107422,15.770000457763672,75.3062973022461
2021-10-15,,1768.300048828125,98.6209487915039,,74.99500274658203
2021-10-18,18477.05078125,1765.699951171875,98.48323822021484,17.18000030517578,75.00589752197266
2021-10-19,18418.75,1770.5,98.13038635253906,17.3799991607666,75.2354965209961
2021-10-20,18266.599609375,1784.9000244140625,98.08731842041016,18.309999465942383,75.12010192871094
2021-10-21,18178.099609375,1781.9000244140625,97.82916259765625,18.040000915527344,74.80919647216797
2021-10-22,18114.900390625,1796.300048828125,98.07874298095703,17.549999237060547,74.86540222167969
2021-10-25,18125.400390625,1806.800048828125,98.19921112060547,17.610000610351562,74.99369812011719
2021-10-26,18268.400390625,1793.4000244140625,98.31971740722656,16.75,75.08989715576172
2021-10-27,18210.94921875,1798.800048828125,98.87054443359375,16.829999923706055,74.88890075683594
2021-10-28,17857.25,1802.5999755859375,98.61231994628906,17.90999984741211,75.05000305175781
2021-10-29,17671.650390625,1783.9000244140625,98.65538024902344,17.43000030517578,74.79720306396484
2021-11-01,17929.650390625,1795.800048828125,98.64761352539062,17.239999771118164,74.92829895019531
2021-11-02,17888.94921875,1789.4000244140625,98.88874816894531,17.059999465942383,74.82990264892578
2021-11-03,17829.19921875,1763.9000244140625,98.57872009277344,16.1299991607666,74.71199798583984
2021-11-04,17916.80078125,1793.5,99.11268615722656,15.75,74.43550109863281
2021-11-05,,1816.800048828125,99.6552734375,,74.47810363769531
2021-11-08,18068.55078125,1828.0,99.22466278076172,16.34000015258789,74.19110107421875
2021-11-09,18044.25,1830.800048828125,99.68112182617188,16.0,73.91850280761719
2021-11-10,18017.19921875,1848.300048828125,98.8285140991211,16.309999465942383,74.17479705810547
2021-11-11,17873.599609375,1863.9000244140625,98.50980377197266,16.350000381469727,74.40489959716797
2021-11-12,18102.75,1868.5,98.7165298461914,15.220000267028809,74.32209777832031
2021-11-15,18109.44921875,1866.5999755859375,98.32894134521484,15.470000267028809,74.33999633789062
2021-11-16,17999.19921875,1854.0999755859375,98.24285125732422,15.199999809265137,74.43509674072266
2021-11-17,17898.650390625,1870.199951171875,98.595947265625,14.979999542236328,74.45860290527344
2021-11-18,17764.80078125,1861.4000244140625,98.65625,14.859999656677246,74.25980377197266
2021-11-19,,1851.5999755859375,98.92323303222656,,74.17440032958984
2021-11-22,17416.55078125,1806.300048828125,98.19978332519531,17.520000457763672,74.30259704589844
2021-11-23,17503.349609375,1783.800048828125,97.79498291015625,18.020000457763672,74.42980194091797
2021-11-24,17415.05078125,1784.300048828125,98.0964126586914,17.100000381469727,74.4469985961914
2021-11-25,17536.25,,,16.65999984741211,74.625
2021-11-26,17026.44921875,1785.5,99.36243438720703,20.799999237060547,74.50579833984375
2021-11-29,17053.94921875,1782.300048828125,99.1385269165039,20.829999923706055,74.98159790039062
2021-11-30,16983.19921875,1773.5999755859375,99.7328109741211,21.170000076293945,75.05490112304688
2021-12-01,17166.900390625,1784.300048828125,99.92070007324219,19.450000762939453,75.0509033203125
2021-12-02,17401.650390625,1762.699951171875,99.70520782470703,18.09000015258789,75.01789855957031
2021-12-03,17196.69921875,1783.9000244140625,100.29131317138672,18.450000762939453,74.9834976196289
2021-12-06,16912.25,1779.5,99.7913818359375,20.079999923706055,75.23400115966797
2021-12-07,17176.69921875,1784.699951171875,99.41213989257812,18.459999084472656,75.39129638671875
2021-12-08,17469.75,1785.5,99.09326934814453,17.270000457763672,75.40859985351562
2021-12-09,17516.849609375,1776.699951171875,99.34322357177734,16.600000381469727,75.38330078125
2021-12-10,17511.30078125,1784.800048828125,99.41213989257812,16.059999465942383,75.59919738769531
2021-12-13,17368.25,1788.300048828125,99.88623809814453,16.56999969482422,75.70999908447266
2021-12-14,17324.900390625,1772.300048828125,99.71382904052734,16.950000762939453,75.82689666748047
2021-12-15,17221.400390625,1764.5,99.56730651855469,17.219999313354492,76.04720306396484
2021-12-16,17248.400390625,1798.199951171875,99.85718536376953,15.899999618530273,76.2114028930664
2021-12-17,16985.19921875,1804.9000244140625,100.08149719238281,16.34000015258789,76.1675033569336
2021-12-20,16614.19921875,1794.5999755859375,99.99523162841797,18.969999313354492,76.00599670410156
2021-12-21,16770.849609375,1788.699951171875,99.59837341308594,17.540000915527344,75.75869750976562
2021-12-22,16955.44921875,1802.199951171875,99.69325256347656,16.579999923706055,75.6864013671875
2021-12-23,17072.599609375,1811.699951171875,99.48624420166016,15.829999923706055,75.45850372314453
2021-12-24,17003.75,,,16.149999618530273,75.06739807128906
2021-12-27,17086.25,1808.800048828125,99.52072143554688,17.1200008392334,75.31500244140625
2021-12-28,17233.25,1810.9000244140625,99.50344848632812,16.479999542236328,74.98030090332031
2021-12-29,17213.599609375,1805.800048828125,98.99451446533203,16.239999771118164,74.74500274658203
2021-12-30,17203.94921875,1814.0999755859375,99.32230377197266,16.56999969482422,74.57029724121094
2021-12-31,17354.05078125,1828.5999755859375,99.21012878417969,16.219999313354492,74.43119812011719
2022-01-03,17625.69921875,1800.0999755859375,98.28706359863281,16.450000762939453,74.51380157470703
2022-01-04,17805.25,1814.5999755859375,98.23532104492188,16.1200008392334,74.4032974243164
2022-01-05,17925.25,1825.0999755859375,97.82122802734375,17.229999542236328,74.53489685058594
2022-01-06,17745.900390625,1789.199951171875,97.57967376708984,17.979999542236328,74.43009948730469
2022-01-07,17812.69921875,1797.4000244140625,97.2604751586914,17.600000381469727,74.41929626464844
2022-01-10,18003.30078125,1798.800048828125,97.23458862304688,17.68000030517578,74.2699966430664
2022-01-11,18055.75,1818.5,97.467529296875,17.760000228881836,74.05699920654297
2022-01-12,18212.349609375,1827.300048828125,97.48474884033203,17.18000030517578,73.81529998779297
2022-01-13,18257.80078125,1821.4000244140625,97.79534149169922,16.700000762939453,73.79910278320312
2022-01-14,18255.75,1816.5,97.1224365234375,16.559999465942383,73.97229766845703
2022-01-17,18308.099609375,,,16.770000457763672,74.37899780273438
2022-01-18,18113.05078125,1812.4000244140625,96.38914489746094,17.780000686645508,74.25509643554688
2022-01-19,17938.400390625,1843.199951171875,96.62207794189453,17.81999969482422,74.61969757080078
2022-01-20,17757.0,1842.5999755859375,96.82910919189453,17.790000915527344,74.44920349121094
2022-01-21,17617.150390625,1831.800048828125,97.38986206054688,18.889999389648438,74.45220184326172
2022-01-24,17149.099609375,1841.699951171875,97.30358123779297,22.829999923706055,74.41320037841797
2022-01-25,17277.94921875,1852.5,97.17418670654297,21.360000610351562,74.6447982788086
2022-01-26,,1829.699951171875,96.48403930664062,,74.77999877929688
2022-01-27,17110.150390625,1793.0999755859375,96.88951873779297,21.06999969482422,74.8949966430664
2022-01-28,17101.94921875,1784.9000244140625,97.1137924194336,20.700000762939453,75.20929718017578
2022-01-31,17339.849609375,1795.0,97.1137924194336,21.950000762939453,75.03900146484375
2022-02-01,17576.849609375,1801.5,96.98255920410156,19.979999542236328,74.55580139160156
2022-02-02,17780.0,1810.300048828125,97.18115997314453,18.649999618530273,74.74549865722656
2022-02-03,17560.19921875,1804.0999755859375,96.76666259765625,19.15999984741211,74.82240295410156
2022-02-04,17516.30078125,1807.800048828125,96.0240249633789,18.899999618530273,74.6438980102539
2022-02-07,17213.599609375,1821.800048828125,96.0499267578125,20.440000534057617,74.64219665527344
2022-02-08,17266.75,1827.9000244140625,95.73908233642578,19.68000030517578,74.6583023071289
2022-02-09,17463.80078125,1836.5999755859375,95.8686294555664,18.559999465942383,74.69519805908203
2022-02-10,17605.849609375,1837.4000244140625,94.98779296875,17.709999084472656,74.80889892578125
2022-02-11,17374.75,1842.0999755859375,95.97225189208984,18.68000030517578,75.53839874267578
2022-02-14,16842.80078125,1869.4000244140625,95.30731201171875,22.979999542236328,75.34100341796875
2022-02-15,17352.44921875,1856.199951171875,95.02235412597656,20.610000610351562,75.6854019165039
2022-02-16,17322.19921875,1871.5,95.22096252441406,20.59000015258789,75.17479705810547
2022-02-17,17304.599609375,1902.0,95.73043823242188,22.010000228881836,75.04199981689453
2022-02-18,17276.30078125,1899.800048828125,96.04133605957031,22.170000076293945,75.06300354003906
2022-02-21,17206.650390625,,,22.899999618530273,74.68240356445312
2022-02-22,17092.19921875,1907.4000244140625,96.03268432617188,26.65999984741211,74.51699829101562
2022-02-23,17063.25,1910.4000244140625,95.53182220458984,24.540000915527344,74.62300109863281
2022-02-24,16247.9501953125,1926.300048828125,95.75634002685547,31.979999542236328,74.63300323486328
2022-02-25,16658.400390625,1887.5999755859375,95.73043823242188,26.739999771118164,75.4083023071289
2022-02-28,16793.900390625,1900.699951171875,96.8184814453125,28.56999969482422,75.06800079345703
2022-03-01,,1943.800048828125,97.76145935058594,,75.28479766845703
2022-03-02,16605.94921875,1922.300048828125,96.29212188720703,29.229999542236328,75.80120086669922
2022-03-03,16498.05078125,1935.9000244140625,96.70697021484375,28.15999984741211,75.63099670410156
2022-03-04,16245.349609375,1966.5999755859375,97.66634368896484,27.959999084472656,75.8917007446289
2022-03-07,15863.150390625,1995.9000244140625,97.25151824951172,29.329999923706055,76.41799926757812
2022-03-08,16013.4501953125,2043.300048828125,96.62053680419922,28.59000015258789,77.08080291748047
2022-03-09,16345.349609375,1988.199951171875,96.02418518066406,27.469999313354492,76.91449737548828
2022-03-10,16594.900390625,2000.4000244140625,95.58338928222656,25.579999923706055,76.13490295410156
2022-03-11,16630.44921875,1985.0,95.5574722290039,25.350000381469727,76.310302734375
2022-03-14,16871.30078125,1960.800048828125,94.3474349975586,25.68000030517578,76.75370025634766
2022-03-15,16663.0,1929.699951171875,94.30420684814453,26.729999542236328,76.49009704589844
2022-03-16,16975.349609375,1909.199951171875,94.17455291748047,24.1200008392334,76.26589965820312
2022-03-17,17287.05078125,1943.199951171875,93.99305725097656,22.610000610351562,76.02420043945312
2022-03-18,,1929.300048828125,94.26964569091797,,75.98159790039062
2022-03-21,17117.599609375,1929.5,93.0423355102539,24.6200008392334,75.94640350341797
2022-03-22,17315.5,1921.5,92.5323715209961,24.06999969482422,76.30709838867188
2022-03-23,17245.650390625,1937.300048828125,93.15470123291016,24.75,76.10189819335938
2022-03-24,17222.75,1962.199951171875,92.6361083984375,23.93000030517578,76.55239868164062
2022-03-25,17153.0,1954.199951171875,91.68539428710938,23.43000030517578,76.32350158691406
2022-03-28,17222.0,1939.800048828125,91.89278411865234,22.610000610351562,76.27850341796875
2022-03-29,17325.30078125,1912.199951171875,92.35089874267578,21.299999237060547,76.03410339355469
2022-03-30,17498.25,1933.5,92.71389770507812,20.610000610351562,75.66670227050781
2022-03-31,17464.75,1949.199951171875,92.88678741455078,20.559999465942383,75.82779693603516
2022-04-01,17670.44921875,1923.699951171875,92.28193664550781,18.43000030517578,75.9092025756836
2022-04-04,18053.400390625,1934.0,92.22135925292969,17.90999984741211,75.99479675292969
2022-04-05,17957.400390625,1927.5,91.12246704101562,18.489999771118164,75.47799682617188
2022-04-06,17807.650390625,1923.0999755859375,90.80231475830078,19.020000457763672,75.45069885253906
2022-04-07,17639.55078125,1937.800048828125,90.57733917236328,19.0,75.94509887695312
2022-04-08,17784.349609375,1945.5999755859375,90.11870574951172,17.690000534057617,75.91320037841797
2022-04-11,17674.94921875,1948.199951171875,89.68611145019531,18.270000457763672,75.91729736328125
2022-04-12,17530.30078125,1976.0999755859375,90.11870574951172,18.15999984741211,75.83699798583984
2022-04-13,17475.650390625,1984.699951171875,90.3177490234375,17.790000915527344,76.1498031616211
2022-04-14,,1974.9000244140625,89.50435638427734,,76.12169647216797
2022-04-15,,,,,76.30879974365234
2022-04-18,17173.650390625,1986.4000244140625,89.24480438232422,19.34000015258789,76.3313980102539
2022-04-19,16958.650390625,1959.0,88.6563949584961,19.770000457763672,76.28019714355469
2022-04-20,17136.55078125,1955.5999755859375,89.34866333007812,18.670000076293945,76.44539642333984
2022-04-21,17392.599609375,1948.199951171875,88.85540771484375,17.850000381469727,76.27619934082031
2022-04-22,17171.94921875,1934.300048828125,88.898681640625,18.350000381469727,76.28520202636719
2022-04-25,16953.94921875,1896.0,89.46977996826172,21.260000228881836,76.4635009765625
2022-04-26,17200.80078125,1904.0999755859375,90.06683349609375,19.190000534057617,76.52780151367188
2022-04-27,17038.400390625,1888.699951171875,89.56493377685547,20.610000610351562,76.79409790039062
2022-04-28,17245.05078125,1891.300048828125,89.43513488769531,19.3799991607666,76.47219848632812
2022-04-29,17102.55078125,1911.699951171875,88.95924377441406,19.420000076293945,76.58899688720703
2022-05-02,17069.099609375,1863.5999755859375,88.29651641845703,20.280000686645508,76.52310180664062
2022-05-03,,1870.5999755859375,88.40047454833984,,76.52410125732422
2022-05-04,16677.599609375,1868.800048828125,88.97225189208984,21.8799991607666,76.46730041503906
2022-05-05,16682.650390625,1875.699951171875,88.0799560546875,20.290000915527344,76.00160217285156
2022-05-06,16411.25,1882.800048828125,87.57745361328125,21.25,76.54180145263672
2022-05-09,16301.849609375,1858.5999755859375,88.22718048095703,22.030000686645508,76.9574966430664
2022-05-10,16240.0498046875,1841.0,88.52176666259766,22.299999237060547,77.3655014038086
2022-05-11,16167.099609375,1853.699951171875,89.0675277709961,22.799999237060547,77.27140045166016
2022-05-12,15808.0,1824.5999755859375,89.36209106445312,24.270000457763672,77.41840362548828
2022-05-13,15782.150390625,1808.199951171875,88.89427185058594,23.489999771118164,77.44380187988281
2022-05-16,15842.2998046875,1814.0,89.2668228149414,24.530000686645508,77.48629760742188
2022-05-17,16259.2998046875,1818.9000244140625,88.59107208251953,22.739999771118164,77.8053970336914
2022-05-18,16240.2998046875,1815.9000244140625,89.2234878540039,22.299999237060547,77.37239837646484
2022-05-19,15809.400390625,1841.199951171875,89.54402923583984,24.559999465942383,77.81999969482422
2022-05-20,16266.150390625,1842.0999755859375,89.9598617553711,23.100000381469727,77.42109680175781
2022-05-23,16214.7001953125,1847.800048828125,89.4140853881836,23.399999618530273,77.81839752197266
2022-05-24,16125.150390625,1865.4000244140625,90.18509674072266,25.639999389648438,77.52680206298828
2022-05-25,16025.7998046875,1846.300048828125,90.36703491210938,25.280000686645508,77.47879791259766
2022-05-26,16170.150390625,1847.5999755859375,90.32373046875,22.719999313354492,77.49729919433594
2022-05-27,16352.4501953125,1851.300048828125,90.45368194580078,21.479999542236328,77.63020324707031
2022-05-30,16661.400390625,,,19.979999542236328,77.69200134277344
2022-05-31,16584.55078125,1842.699951171875,89.50936889648438,20.479999542236328,77.5208969116211
2022-06-01,16522.75,1848.699951171875,89.00540924072266,20.850000381469727,77.5989990234375
2022-06-02,16628.0,1871.4000244140625,89.13552856445312,20.31999969482422,77.58409881591797
2022-06-03,16584.30078125,1850.199951171875,88.9620361328125,19.979999542236328,77.3604965209961
2022-06-06,16569.55078125,1843.699951171875,88.29412841796875,20.200000762939453,77.69419860839844
2022-06-07,16416.349609375,1852.0999755859375,88.64977264404297,20.43000030517578,77.82099914550781
2022-06-08,16356.25,1856.5,88.32014465332031,19.84000015258789,77.67060089111328
2022-06-09,16478.099609375,1852.800048828125,88.24208068847656,19.139999389648438,77.72429656982422
2022-06-10,16201.7998046875,1875.5,87.3746566772461,19.579999923706055,77.8187026977539
2022-06-13,15774.400390625,1831.800048828125,85.8219985961914,22.3700008392334,78.17759704589844
2022-06-14,15732.099609375,1813.5,85.13672637939453,21.889999389648438,78.16059875488281
2022-06-15,15692.150390625,1819.5999755859375,86.32508850097656,22.149999618530273,77.9854965209961
2022-06-16,15360.599609375,1849.9000244140625,86.88890838623047,22.8700008392334,77.90019989013672
2022-06-17,15293.5,1840.5999755859375,86.9149169921875,22.760000228881836,77.97769927978516
2022-06-20,15350.150390625,,,22.40999984741211,77.9614028930664
2022-06-21,15638.7998046875,1838.800048828125,86.46388244628906,21.139999389648438,77.93399810791016
2022-06-22,15413.2998046875,1838.4000244140625,87.55681610107422,21.299999237060547,78.13490295410156
2022-06-23,15556.650390625,1829.800048828125,88.05125427246094,20.8799991607666,78.19309997558594
2022-06-24,15699.25,1830.300048828125,87.73898315429688,20.549999237060547,78.14240264892578
2022-06-27,15832.0498046875,1824.800048828125,87.24457550048828,21.010000228881836,78.2522964477539
2022-06-28,15850.2001953125,1821.199951171875,87.35729217529297,21.450000762939453,78.44110107421875
2022-06-29,15799.099609375,1817.5,88.05992126464844,21.899999618530273,79.07319641113281
2022-06-30,15780.25,1807.300048828125,88.73650360107422,21.84000015258789,78.89830017089844
2022-07-01,15752.0498046875,1801.5,89.68775177001953,21.25,78.96299743652344
2022-07-04,15835.349609375,,,20.969999313354492,78.95069885253906
2022-07-05,15810.849609375,1763.9000244140625,90.01788330078125,20.790000915527344,78.93949890136719
2022-07-06,15989.7998046875,1736.5,89.2533950805664,20.270000457763672,79.36840057373047
2022-07-07,16132.900390625,1739.699951171875,88.7060775756836,19.200000762939453,79.04389953613281
2022-07-08,16220.599609375,1742.300048828125,88.16748809814453,18.399999618530273,79.22160339355469
2022-07-11,16216.0,1731.699951171875,88.86246490478516,18.3700008392334,79.3313980102539
2022-07-12,16058.2998046875,1724.800048828125,89.07097625732422,18.549999237060547,79.47779846191406
2022-07-13,15966.650390625,1735.5,89.45320892333984,18.520000457763672,79.47640228271484
2022-07-14,15938.650390625,1705.800048828125,88.95803833007812,18.34000015258789,79.80750274658203
2022-07-15,16049.2001953125,1703.5999755859375,89.26206970214844,17.600000381469727,79.87830352783203
2022-07-18,16278.5,1710.199951171875,89.00148010253906,17.15999984741211,79.72049713134766
2022-07-19,16340.5498046875,1710.699951171875,88.59317016601562,17.200000762939453,80.0302963256836
2022-07-20,16520.849609375,1700.199951171875,88.50631713867188,16.81999969482422,79.85590362548828
2022-07-21,16605.25,1713.4000244140625,89.5140380859375,16.860000610351562,80.00340270996094
2022-07-22,16719.44921875,1727.4000244140625,90.53912353515625,16.649999618530273,79.7759017944336
2022-07-25,16631.0,1719.0999755859375,90.21772003173828,17.68000030517578,79.87680053710938
2022-07-26,16483.849609375,1717.699951171875,90.2524642944336,18.170000076293945,79.72250366210938
2022-07-27,16641.80078125,1719.0999755859375,90.43486022949219,18.1299991607666,79.84120178222656
2022-07-28,16929.599609375,1750.300048828125,91.32967376708984,17.010000228881836,79.84739685058594
2022-07-29,17158.25,1762.9000244140625,91.36442565917969,16.549999237060547,79.57150268554688
2022-08-01,17340.05078125,1787.699951171875,91.89874267578125,17.489999771118164,79.1948013305664
2022-08-02,17345.44921875,1789.699951171875,90.6281967163086,18.530000686645508,78.95570373535156
2022-08-03,17388.150390625,1776.4000244140625,91.00236511230469,18.450000762939453,78.60449981689453
2022-08-04,17382.0,1806.9000244140625,91.46363067626953,19.260000228881836,79.11830139160156
2022-08-05,17397.5,1791.199951171875,90.1408462524414,18.920000076293945,79.15489959716797
2022-08-08,17525.099609375,1805.199951171875,90.67173767089844,19.299999237060547,79.41059875488281
2022-08-09,,1812.300048828125,90.40194702148438,,79.60189819335938
2022-08-10,17534.75,1813.699951171875,90.45415496826172,19.59000015258789,79.57839965820312
2022-08-11,17659.0,1807.199951171875,89.85368347167969,18.360000610351562,79.0978012084961
2022-08-12,17698.150390625,1815.5,90.21048736572266,17.610000610351562,79.61399841308594
2022-08-15,,1798.0999755859375,90.49761199951172,,79.62760162353516
2022-08-16,17825.25,1789.699951171875,90.39322662353516,17.68000030517578,79.55290222167969
2022-08-17,17944.25,1776.699951171875,89.78404235839844,17.68000030517578,79.14600372314453
2022-08-18,17956.5,1771.199951171875,89.95809173583984,17.350000381469727,79.35970306396484
2022-08-19,17758.44921875,1762.9000244140625,89.18357849121094,18.290000915527344,79.7667007446289
2022-08-22,17490.69921875,1748.4000244140625,88.79193115234375,19.040000915527344,79.91790008544922
2022-08-23,17577.5,1761.199951171875,88.57437133789062,19.049999237060547,79.88379669189453
2022-08-24,17604.94921875,1761.5,88.27848815917969,18.43000030517578,79.85449981689453
2022-08-25,17522.44921875,1771.4000244140625,88.84416198730469,19.56999969482422,79.79679870605469
2022-08-26,17558.900390625,1749.800048828125,88.73975372314453,18.219999313354492,79.88289642333984
2022-08-29,17312.900390625,1749.699951171875,88.23497009277344,19.81999969482422,79.95909881591797
2022-08-30,17759.30078125,1736.300048828125,88.20890045166016,18.700000762939453,79.96790313720703
2022-08-31,,1726.199951171875,87.8433837890625,,79.68229675292969
2022-09-01,17542.80078125,1709.300048828125,87.14506530761719,19.8700008392334,79.54879760742188
2022-09-02,17539.44921875,1722.5999755859375,87.63327026367188,19.549999237060547,79.716796875
2022-09-05,17665.80078125,,,19.65999984741211,79.72450256347656
2022-09-06,17655.599609375,1712.9000244140625,86.6568603515625,19.520000457763672,79.78299713134766
2022-09-07,17624.400390625,1727.800048828125,87.2235336303711,19.3700008392334,79.89510345458984
2022-09-08,17798.75,1720.199951171875,86.90096282958984,18.309999465942383,79.6498031616211
2022-09-09,17833.349609375,1728.5999755859375,86.9096908569336,17.719999313354492,79.706298828125
2022-09-12,17936.349609375,1740.5999755859375,86.70045471191406,17.940000534057617,79.65579986572266
2022-09-13,18070.05078125,1717.4000244140625,86.2122573852539,17.469999313354492,79.35530090332031
2022-09-14,18003.75,1709.0999755859375,86.2558364868164,18.280000686645508,79.60240173339844
2022-09-15,17877.400390625,1677.300048828125,85.95941162109375,18.389999389648438,79.45369720458984
2022-09-16,17530.849609375,1683.5,86.02915954589844,19.81999969482422,79.8490982055664
2022-09-19,17622.25,1678.199951171875,85.78507995605469,19.940000534057617,79.68949890136719
2022-09-20,17816.25,1671.0999755859375,85.25326538085938,18.799999237060547,79.7074966430664
2022-09-21,17718.349609375,1675.699951171875,85.59326934814453,19.329999923706055,79.76270294189453
2022-09-22,17629.80078125,1681.0999755859375,84.302978515625,18.81999969482422,80.05069732666016
2022-09-23,17327.349609375,1655.5999755859375,84.40762329101562,20.59000015258789,81.06220245361328
2022-09-26,17016.30078125,1633.4000244140625,83.00402069091797,21.889999389648438,81.25479888916016
2022-09-27,17007.400390625,1636.199951171875,82.4373779296875,21.56999969482422,81.61579895019531
2022-09-28,16858.599609375,1670.0,84.29428100585938,22.100000381469727,81.72460174560547
2022-09-29,16818.099609375,1668.5999755859375,83.90201568603516,21.299999237060547,81.42870330810547
2022-09-30,17094.349609375,1672.0,83.68405151367188,19.969999313354492,81.48059844970703
2022-10-03,16887.349609375,1702.0,84.67718505859375,21.3700008392334,81.52130126953125
2022-10-04,17274.30078125,1730.5,84.85189056396484,19.56999969482422,81.49500274658203
2022-10-05,,1720.800048828125,84.04825592041016,,81.46549987792969
2022-10-06,17331.80078125,1720.800048828125,83.58533477783203,19.31999969482422,81.6488037109375
2022-10-07,17314.650390625,1709.300048828125,83.1747817993164,18.809999465942383,82.3489990234375
2022-10-10,17241.0,1675.199951171875,82.68560028076172,19.6200008392334,82.8322982788086
2022-10-11,16983.55078125,1686.0,82.89524841308594,20.489999771118164,82.42070007324219
2022-10-12,17123.599609375,1677.5,83.1660385131836,20.18000030517578,82.2739028930664
2022-10-13,17014.349609375,1677.0,82.81663513183594,20.290000915527344,82.19999694824219
2022-10-14,17185.69921875,1648.9000244140625,82.35369873046875,18.260000228881836,82.19210052490234
2022-10-17,17311.80078125,1664.0,82.4410400390625,18.420000076293945,82.41280364990234
2022-10-18,17486.94921875,1655.800048828125,82.65068817138672,17.450000762939453,82.1947021484375
2022-10-19,17512.25,1634.199951171875,81.78592681884766,17.489999771118164,82.2863998413086
2022-10-20,17563.94921875,1636.800048828125,81.17447662353516,17.229999542236328,82.99700164794922
2022-10-21,17576.30078125,1656.300048828125,81.3578872680664,17.280000686645508,82.82569885253906
2022-10-24,17730.75,1654.0999755859375,81.25308990478516,17.420000076293945,82.54129791259766
2022-10-25,17656.349609375,1658.0,82.26632690429688,16.8799991607666,82.7614974975586
2022-10-26,,1669.199951171875,82.68560028076172,,82.44529724121094
2022-10-27,17736.94921875,1665.5999755859375,83.27086639404297,16.600000381469727,82.04959869384766
2022-10-28,17786.80078125,1644.800048828125,82.84281158447266,15.920000076293945,82.44249725341797
2022-10-31,18012.19921875,1640.699951171875,82.46725463867188,15.800000190734863,82.23919677734375
2022-11-01,18145.400390625,1649.699951171875,82.45236206054688,16.1299991607666,82.72899627685547
2022-11-02,18082.849609375,1650.0,82.31230163574219,16.65999984741211,82.68450164794922
2022-11-03,18052.69921875,1630.9000244140625,81.95339965820312,15.9399995803833,82.88839721679688
2022-11-04,18117.150390625,1676.5999755859375,81.77831268310547,15.65999984741211,82.68180084228516
2022-11-07,18202.80078125,1680.5,81.48944091796875,15.59000015258789,81.9749984741211
2022-11-08,,1716.0,82.03216552734375,,81.82599639892578
2022-11-09,18157.0,1713.699951171875,82.31230163574219,15.920000076293945,81.40519714355469
2022-11-10,18028.19921875,1753.699951171875,84.15933990478516,15.569999694824219,81.34380340576172
2022-11-11,18349.69921875,1769.4000244140625,83.98429107666016,14.40999984741211,80.48290252685547
2022-11-14,18329.150390625,1776.9000244140625,83.7829360961914,14.90999984741211,80.49700164794922
2022-11-15,18403.400390625,1776.800048828125,84.40447998046875,14.640000343322754,80.99199676513672
2022-11-16,18409.650390625,1775.800048828125,85.02596282958984,15.100000381469727,81.07140350341797
2022-11-17,18343.900390625,1763.0,84.44822692871094,14.880000114440918,81.49530029296875
2022-11-18,18307.650390625,1754.4000244140625,84.15060424804688,14.390000343322754,81.52490234375
2022-11-21,18159.94921875,1739.5999755859375,84.09808349609375,14.800000190734863,81.5198974609375
2022-11-22,18244.19921875,1739.9000244140625,84.57953643798828,13.84000015258789,81.72769927978516
2022-11-23,18267.25,1745.5999755859375,85.03472137451172,14.039999961853027,81.71499633789062
2022-11-24,18484.099609375,,,13.479999542236328,81.63289642333984
2022-11-25,18512.75,1754.0,85.00846099853516,13.329999923706055,81.65540313720703
2022-11-28,18562.75,1740.300048828125,85.04347229003906,13.569999694824219,81.6697006225586
2022-11-29,18618.05078125,1748.4000244140625,84.68457794189453,13.619999885559082,81.65029907226562
2022-11-30,18758.349609375,1746.0,85.44615936279297,13.8100004196167,81.63089752197266
2022-12-01,18812.5,1815.199951171875,86.37944793701172,13.359999656677246,81.3052978515625
2022-12-02,18696.099609375,1809.5999755859375,86.55485534667969,13.449999809265137,81.16220092773438
2022-12-05,18701.05078125,1781.300048828125,85.67771911621094,13.729999542236328,81.42250061035156
2022-12-06,18642.75,1782.4000244140625,86.20401000976562,14.039999961853027,81.89900207519531
2022-12-07,18560.5,1798.0,86.95832824707031,14.079999923706055,82.37220001220703
2022-12-08,18609.349609375,1801.5,86.4671401977539,13.399999618530273,82.25350189208984
2022-12-09,18496.599609375,1810.699951171875,85.82683563232422,13.479999542236328,82.2791976928711
2022-12-12,18497.150390625,1792.300048828125,85.70404052734375,13.319999694824219,82.41300201416016
2022-12-13,18608.0,1825.5,86.4759292602539,12.880000114440918,82.64469909667969
2022-12-14,18660.30078125,1818.699951171875,86.71273803710938,12.890000343322754,82.40249633789062
2022-12-15,18414.900390625,1787.800048828125,86.8814697265625,13.729999542236328,82.50800323486328
2022-12-16,18269.0,1800.199951171875,86.6617660522461,14.069999694824219,82.85790252685547
2022-12-19,18420.44921875,1797.699951171875,85.9587173461914,13.550000190734863,82.72599792480469
2022-12-20,18385.30078125,1825.4000244140625,85.3347396850586,13.779999732971191,82.58190155029297
2022-12-21,18199.099609375,1825.4000244140625,85.44020080566406,15.5600004196167,82.63690185546875
2022-12-22,18127.349609375,1795.300048828125,85.41381072998047,15.1899995803833,82.87860107421875
2022-12-23,17806.80078125,1804.199951171875,85.02715301513672,16.15999984741211,82.8749008178711
2022-12-26,18014.599609375,,,,82.6041030883789
2022-12-27,18132.30078125,1823.0999755859375,84.31529235839844,15.289999961853027,82.90290069580078
2022-12-28,18122.5,1815.800048828125,84.11314392089844,15.399999618530273,82.7761001586914
2022-12-29,18191.0,1826.0,84.52622985839844,14.8100004196167,82.85199737548828
2022-12-30,18105.30078125,1826.199951171875,84.17465209960938,14.869999885559082,82.83509826660156
2023-01-02,18197.44921875,,,14.6899995803833,82.74980163574219
2023-01-03,18232.55078125,1846.0999755859375,84.83380126953125,14.390000343322754,82.70600128173828
2023-01-04,18042.94921875,1859.0,85.48412322998047,15.199999809265137,82.78569793701172
2023-01-05,17992.150390625,1840.5999755859375,85.36109924316406,14.979999542236328,82.66649627685547
2023-01-06,17859.44921875,1869.699951171875,86.45963287353516,15.029999732971191,82.64520263671875
2023-01-09,18101.19921875,1877.800048828125,86.67933654785156,14.649999618530273,82.27339935302734
2023-01-10,17914.150390625,1876.5,86.13446044921875,15.510000228881836,82.18009948730469
2023-01-11,17895.69921875,1878.9000244140625,86.68814849853516,15.4399995803833,81.63739776611328
2023-01-12,17858.19921875,1898.800048828125,87.46149444580078,15.279999732971191,81.63179779052734
2023-01-13,17956.599609375,1921.699951171875,86.99573516845703,14.460000038146973,81.1156005859375
2023-01-16,17894.849609375,,,15.020000457763672,81.27799987792969
2023-01-17,18053.30078125,1909.9000244140625,86.7232894897461,14.59000015258789,81.65260314941406
2023-01-18,18165.349609375,1907.0,87.90094757080078,14.369999885559082,81.52549743652344
2023-01-19,18107.849609375,1923.9000244140625,87.73395538330078,13.960000038146973,81.43599700927734
2023-01-20,18027.650390625,1928.199951171875,87.15390014648438,13.789999961853027,81.23979949951172
2023-01-23,18118.55078125,1928.5999755859375,86.8726806640625,13.619999885559082,80.97599792480469
2023-01-24,18118.30078125,1935.4000244140625,87.37361907958984,13.65999984741211,81.48799896240234
2023-01-25,17891.94921875,1942.5999755859375,87.47030639648438,14.65999984741211,81.60189819335938
2023-01-26,,1930.0,87.15390014648438,,81.50270080566406
2023-01-27,17604.349609375,1929.4000244140625,87.02208709716797,17.31999969482422,81.44509887695312
2023-01-30,17648.94921875,1922.9000244140625,86.74964141845703,17.709999084472656,81.50800323486328
2023-01-31,17662.150390625,1929.5,87.18905639648438,16.8799991607666,81.57990264892578
2023-02-01,17616.30078125,1942.800048828125,87.81614685058594,16.780000686645508,81.76840209960938
2023-02-02,17610.400390625,1930.800048828125,87.78091430664062,15.729999542236328,81.71029663085938
2023-02-03,17854.05078125,1876.5999755859375,86.83853912353516,14.399999618530273,82.0458984375
2023-02-06,17764.599609375,1879.5,86.08993530273438,14.6899995803833,82.22599792480469
2023-02-07,17721.5,1884.800048828125,85.87857055664062,14.130000114440918,82.75499725341797
2023-02-08,17871.69921875,1890.699951171875,86.19560241699219,13.600000381469727,82.74189758300781
2023-02-09,17893.44921875,1878.5,85.8081283569336,13.039999961853027,82.65950012207031
2023-02-10,17856.5,1874.5,85.3941879272461,12.75,82.533203125
2023-02-13,17770.900390625,1863.5,85.59672546386719,13.680000305175781,82.51300048828125
2023-02-14,17929.849609375,1865.4000244140625,85.20923614501953,13.449999809265137,82.59739685058594
2023-02-15,18015.849609375,1845.300048828125,84.95382690429688,12.859999656677246,82.86759948730469
2023-02-16,18035.849609375,1851.800048828125,84.67198181152344,12.890000343322754,82.73770141601562
2023-02-17,17944.19921875,1850.199951171875,84.90977478027344,13.09000015258789,82.69529724121094
2023-02-20,17844.599609375,,,13.380000114440918,82.75800323486328
2023-02-21,17826.69921875,1842.5,83.98502349853516,14.010000228881836,82.69750213623047
2023-02-22,17554.30078125,1841.5,84.13475036621094,15.59000015258789,82.86119842529297
2023-02-23,17511.25,1826.800048828125,84.4605941772461,15.079999923706055,82.83529663085938
2023-02-24,17465.80078125,1817.0999755859375,83.94979858398438,14.1899995803833,82.6178970336914
2023-02-27,17392.69921875,1824.9000244140625,84.2052001953125,13.880000114440918,82.91799926757812
2023-02-28,17303.94921875,1836.699951171875,84.3373031616211,14.020000457763672,82.6520004272461
2023-03-01,17450.900390625,1845.4000244140625,83.66307067871094,13.0,82.6353988647461
2023-03-02,17321.900390625,1840.5,83.31890106201172,12.970000267028809,82.4198989868164
2023-03-03,17594.349609375,1854.5999755859375,83.98957824707031,12.180000305175781,82.35569763183594
2023-03-06,17711.44921875,1854.5999755859375,83.8395767211914,12.270000457763672,81.7125015258789
2023-03-07,,1820.0,83.84838104248047,,81.85440063476562
2023-03-08,17754.400390625,1818.5999755859375,83.82190704345703,12.449999809265137,82.07460021972656
2023-03-09,17589.599609375,1834.5999755859375,84.3426284790039,12.729999542236328,81.9645004272461
2023-03-10,17412.900390625,1867.199951171875,85.89584350585938,13.40999984741211,82.01840209960938
2023-03-13,17154.30078125,1916.5,86.93721008300781,16.219999313354492,81.95800018310547
2023-03-14,17043.30078125,1910.9000244140625,86.11649322509766,16.219999313354492,82.41739654541016
2023-03-15,16972.150390625,1931.300048828125,87.36082458496094,16.299999237060547,82.30490112304688
2023-03-16,16985.599609375,1923.0,86.57537078857422,16.219999313354492,82.7156982421875
2023-03-17,17100.05078125,1973.5,87.59912109375,14.770000457763672,82.622802734375
2023-03-20,16988.400390625,1982.800048828125,87.24610137939453,16.010000228881836,82.53299713134766
2023-03-21,17107.5,1941.0999755859375,86.48711395263672,15.079999923706055,82.52909851074219
2023-03-22,17151.900390625,1949.5999755859375,87.6255874633789,14.8100004196167,82.677001953125
2023-03-23,17076.900390625,1995.9000244140625,88.12863159179688,14.489999771118164,82.52580261230469
2023-03-24,16945.05078125,1983.800048828125,88.15509796142578,15.239999771118164,82.26529693603516
2023-03-27,16985.69921875,1953.800048828125,87.06961822509766,15.449999809265137,82.33879852294922
2023-03-28,16951.69921875,1973.5,87.01663208007812,15.100000381469727,82.21489715576172
2023-03-29,17080.69921875,1966.9000244140625,86.86661529541016,13.630000114440918,82.16429901123047
2023-03-30,,1980.300048828125,86.99899291992188,,82.25540161132812
2023-03-31,17359.75,1969.0,87.47554779052734,12.9399995803833,82.10050201416016
2023-04-03,17398.05078125,2000.4000244140625,87.88761138916016,12.59000015258789,82.18479919433594
2023-04-04,,2038.199951171875,88.45354461669922,,82.14089965820312
2023-04-05,17557.05078125,2035.5999755859375,88.824951171875,12.40999984741211,82.11479949951172
2023-04-06,17599.150390625,2026.4000244140625,88.85148620605469,11.800000190734863,81.94999694824219
2023-04-07,,,,,81.831298828125
2023-04-10,17624.05078125,2003.800048828125,87.97604370117188,12.270000457763672,81.88480377197266
2023-04-11,17722.30078125,2019.0,87.94066619873047,11.979999542236328,81.98390197753906
2023-04-12,17812.400390625,2024.9000244140625,88.19712829589844,12.270000457763672,82.07009887695312
2023-04-13,17828.0,2055.300048828125,87.90531921386719,11.90999984741211,81.96060180664062
2023-04-14,,2015.800048828125,87.47199249267578,,81.68070220947266
2023-04-17,17706.849609375,2007.0,86.9149169921875,12.270000457763672,81.84480285644531
2023-04-18,17660.150390625,2019.699951171875,87.0564193725586,12.079999923706055,82.00370025634766
2023-04-19,17618.75,2007.300048828125,86.87071228027344,12.149999618530273,82.10790252685547
2023-04-20,17624.44921875,2019.0999755859375,87.37472534179688,11.9399995803833,82.34010314941406
2023-04-21,17624.05078125,1990.5,87.16252136230469,11.630000114440918,82.14089965820312
2023-04-24,17743.400390625,1999.800048828125,87.58698272705078,11.670000076293945,82.05480194091797
2023-04-25,17769.25,2004.5,88.45354461669922,11.520000457763672,81.85230255126953
2023-04-26,17813.599609375,1996.0,88.10871124267578,11.649999618530273,81.9916000366211
2023-04-27,17915.05078125,1999.0,87.53394317626953,11.430000305175781,81.76689910888672
2023-04-28,18065.0,1999.0999755859375,88.18826293945312,10.949999809265137,81.76509857177734
2023-05-01,,1992.199951171875,87.15032196044922,,81.74479675292969
2023-05-02,18147.650390625,2023.300048828125,88.28489685058594,11.899999618530273,81.77469635009766
2023-05-03,18089.849609375,2037.0,88.86103820800781,11.84000015258789,81.77870178222656
2023-05-04,18255.80078125,2055.699951171875,88.84334564208984,11.729999542236328,81.77999877929688
2023-05-05,18069.0,2024.800048828125,88.36469268798828,12.300000190734863,81.71610260009766
2023-05-08,18264.400390625,2033.199951171875,87.823974609375,12.640000343322754,81.72979736328125
2023-05-09,18265.94921875,2042.9000244140625,87.71759033203125,12.680000305175781,81.78710174560547
2023-05-10,18315.099609375,2037.0999755859375,88.37351989746094,13.079999923706055,82.1050033569336
2023-05-11,18297.0,2020.5,88.70146942138672,13.220000267028809,81.9198989868164
2023-05-12,18314.80078125,2019.800048828125,88.16966247558594,12.850000381469727,82.10030364990234
2023-05-15,18398.849609375,2022.699951171875,87.97466278076172,13.170000076293945,82.20030212402344
2023-05-16,18286.5,1993.0,87.69103240966797,13.289999961853027,82.2667007446289
2023-05-17,18181.75,1984.9000244140625,87.4073715209961,13.109999656677246,82.2959976196289
2023-05-18,18129.94921875,1959.800048828125,86.86666107177734,12.800000190734863,82.45030212402344
2023-05-19,18203.400390625,1981.5999755859375,86.53868103027344,12.300000190734863,82.72509765625
2023-05-22,18314.400390625,1977.199951171875,86.37913513183594,12.569999694824219,82.90480041503906
2023-05-23,18348.0,1974.5,86.52096557617188,12.609999656677246,82.82499694824219
2023-05-24,18285.400390625,1964.5999755859375,86.29937744140625,13.109999656677246,82.8906021118164
2023-05-25,18321.150390625,1943.699951171875,85.75868225097656,12.520000457763672,82.71369934082031
2023-05-26,18499.349609375,1944.300048828125,85.91822052001953,11.899999618530273,82.74210357666016
2023-05-29,18598.650390625,,,12.300000190734863,82.57479858398438
2023-05-30,18633.849609375,1958.0,86.59188079833984,12.010000228881836,82.57969665527344
2023-05-31,18534.400390625,1963.9000244140625,86.91983795166016,11.970000267028809,82.68389892578125
2023-06-01,18487.75,1995.5,87.16152954101562,11.600000381469727,82.66680145263672
2023-06-02,18534.099609375,1969.5999755859375,86.4684829711914,11.130000114440918,82.27670288085938
2023-06-05,18593.849609375,1974.300048828125,86.44184112548828,11.140000343322754,82.40979766845703
2023-06-06,18599.0,1981.5,86.49513244628906,11.380000114440918,82.51119995117188
2023-06-07,18726.400390625,1958.4000244140625,85.86431884765625,11.4399995803833,82.51719665527344
2023-06-08,18634.55078125,1978.5999755859375,86.44184112548828,11.260000228881836,82.61810302734375
2023-06-09,18563.400390625,1977.199951171875,86.13087463378906,11.119999885559082,82.48829650878906
2023-06-12,18601.5,1969.699951171875,86.27301788330078,11.25,82.4448013305664
2023-06-13,18716.150390625,1958.5999755859375,85.65996551513672,11.109999656677246,82.33719635009766
2023-06-14,18755.900390625,1968.9000244140625,85.77545928955078,11.15999984741211,82.29039764404297
2023-06-15,18688.099609375,1970.699951171875,86.44184112548828,11.079999923706055,82.04499816894531
2023-06-16,18826.0,1971.199951171875,86.06863403320312,10.84000015258789,81.9126968383789
2023-06-19,18755.44921875,,,11.229999542236328,81.91480255126953
2023-06-20,18816.69921875,1947.699951171875,86.32633209228516,11.130000114440918,81.98139953613281
2023-06-21,18856.849609375,1944.9000244140625,86.40630340576172,11.289999961853027,81.9917984008789
2023-06-22,18771.25,1923.699951171875,85.9176025390625,11.550000190734863,81.94149780273438
2023-06-23,18665.5,1929.5999755859375,86.27301788330078,11.239999771118164,81.91929626464844
2023-06-26,18691.19921875,1933.800048828125,86.48627471923828,11.399999618530273,81.98480224609375
2023-06-27,18817.400390625,1923.800048828125,86.18417358398438,10.779999732971191,82.00650024414062
2023-06-28,18972.099609375,1922.199951171875,86.53067016601562,10.890000343322754,81.99839782714844
2023-06-29,,1917.9000244140625,85.64219665527344,,82.02649688720703
2023-06-30,19189.05078125,1929.4000244140625,85.82878112792969,10.800000190734863,82.07540130615234
2023-07-03,19322.55078125,1929.5,85.45648193359375,11.539999961853027,82.09629821777344
2023-07-04,19389.0,,,11.699999809265137,81.95010375976562
2023-07-05,19398.5,1927.0999755859375,85.04682159423828,11.880000114440918,82.0071029663086
2023-07-06,19497.30078125,1915.4000244140625,84.35209655761719,11.84000015258789,82.39409637451172
2023-07-07,19331.80078125,1932.5,84.24524688720703,11.529999732971191,82.76840209960938
2023-07-10,19355.900390625,1931.0,84.681640625,11.460000038146973,82.61530303955078
2023-07-11,19439.400390625,1937.0999755859375,84.85974884033203,11.010000228881836,82.52529907226562
2023-07-12,19384.30078125,1961.699951171875,85.68805694580078,10.9399995803833,82.39990234375
2023-07-13,19413.75,1963.800048828125,86.40057373046875,10.9399995803833,82.00180053710938
2023-07-14,19564.5,1964.4000244140625,85.97303771972656,10.680000305175781,82.03079986572266
2023-07-17,19711.44921875,1956.4000244140625,86.11555480957031,11.319999694824219,82.07679748535156
2023-07-18,19749.25,1980.800048828125,86.21351623535156,11.710000038146973,82.06159973144531
2023-07-19,19833.150390625,1980.800048828125,86.50740814208984,11.600000381469727,82.07540130615234
2023-07-20,19979.150390625,1970.9000244140625,85.82164764404297,11.789999961853027,82.06169891357422
2023-07-21,19745.0,1966.5999755859375,85.89290618896484,11.489999771118164,82.0823974609375
2023-07-24,19672.349609375,1962.199951171875,85.68805694580078,11.649999618530273,81.99030303955078
2023-07-25,19680.599609375,1963.699951171875,85.52775573730469,10.239999771118164,81.81420135498047
2023-07-26,19778.30078125,1970.0999755859375,85.82164764404297,10.460000038146973,81.95010375976562
2023-07-27,19659.900390625,1945.699951171875,84.88646697998047,10.510000228881836,81.97550201416016
2023-07-28,19646.05078125,1960.4000244140625,85.16258239746094,10.140000343322754,82.3749008178711
2023-07-31,19753.80078125,1970.5,85.26947021484375,10.40999984741211,82.25279998779297
2023-08-01,19733.55078125,1978.800048828125,84.7712173461914,10.279999732971191,82.2332992553711
2023-08-02,19526.55078125,1975.0,84.60154724121094,11.279999732971191,82.30729675292969
2023-08-03,19381.650390625,1968.800048828125,83.97655487060547,11.1899995803833,82.7332992553711
2023-08-04,19517.0,1976.0999755859375,84.86945343017578,10.569999694824219,82.7843017578125
2023-08-07,19597.30078125,1970.0,84.66405487060547,11.100000381469727,82.69529724121094
2023-08-08,19570.849609375,1959.9000244140625,85.09268188476562,11.329999923706055,82.74829864501953
2023-08-09,19632.55078125,1950.5999755859375,85.146240234375,11.140000343322754,82.84500122070312
2023-08-10,19543.099609375,1948.9000244140625,84.49440002441406,11.399999618530273,82.86630249023438
2023-08-11,19428.30078125,1946.5999755859375,84.0479736328125,11.520000457763672,82.79989624023438
2023-08-14,19434.55078125,1944.0,83.91405487060547,12.0,82.89730072021484
2023-08-15,,1935.199951171875,83.7533187866211,,83.2333984375
2023-08-16,19465.0,1928.300048828125,83.43191528320312,12.130000114440918,83.19419860839844
2023-08-17,19365.25,1915.199951171875,83.32473754882812,12.239999771118164,83.23699951171875
2023-08-18,19310.150390625,1916.5,83.57474517822266,12.140000343322754,83.09829711914062
2023-08-21,19393.599609375,1923.0,83.05684661865234,11.960000038146973,83.16729736328125
2023-08-22,19396.44921875,1926.0,83.09257507324219,11.75,83.1135025024414
2023-08-23,19444.0,1948.0999755859375,83.99441528320312,11.729999542236328,83.07330322265625
2023-08-24,19386.69921875,1947.0999755859375,83.68191528320312,11.699999809265137,82.5447006225586
2023-08-25,19265.80078125,1939.9000244140625,83.65509033203125,12.079999923706055,82.64140319824219
2023-08-28,19306.05078125,1946.800048828125,83.8872299194336,12.399999618530273,82.66429901123047
2023-08-29,19342.650390625,1965.0999755859375,84.48551177978516,12.229999542236328,82.69149780273438
2023-08-30,19347.44921875,1973.0,84.47654724121094,11.800000190734863,82.49469757080078
2023-08-31,19253.80078125,1965.9000244140625,84.64617919921875,12.0600004196167,82.70040130615234
2023-09-01,19435.30078125,1967.0999755859375,84.12879943847656,11.369999885559082,82.68240356445312
2023-09-04,19528.80078125,,,10.960000038146973,82.6969985961914
2023-09-05,19574.900390625,1952.5999755859375,83.61853790283203,10.819999694824219,82.7345962524414
2023-09-06,19611.05078125,1944.199951171875,83.40367889404297,10.680000305175781,83.08609771728516
2023-09-07,19727.05078125,1942.5,83.6901626586914,10.869999885559082,83.25740051269531
2023-09-08,19819.94921875,1942.699951171875,83.70806121826172,10.779999732971191,83.24150085449219
2023-09-11,19996.349609375,1947.199951171875,83.5648193359375,11.350000381469727,83.03130340576172
2023-09-12,19993.19921875,1935.0999755859375,83.68122100830078,11.6899995803833,82.94329833984375
2023-09-13,20070.0,1932.5,83.7796630859375,11.829999923706055,82.84300231933594
2023-09-14,20103.099609375,1932.800048828125,83.59165954589844,11.319999694824219,82.93679809570312
2023-09-15,20192.349609375,1946.199951171875,83.33209228515625,10.899999618530273,83.0282974243164
2023-09-18,20133.30078125,1953.4000244140625,83.41266632080078,10.84000015258789,83.08580017089844
2023-09-19,,1953.699951171875,83.10829162597656,,83.25489807128906
2023-09-20,19901.400390625,1967.0999755859375,83.04562377929688,11.130000114440918,83.19499969482422
2023-09-21,19742.349609375,1939.5999755859375,82.4279556274414,10.819999694824219,83.08699798583984
2023-09-22,19674.25,1945.5999755859375,82.75023651123047,10.65999984741211,82.89129638671875
2023-09-25,19674.55078125,1936.5999755859375,82.1415023803711,10.899999618530273,82.97480010986328
2023-09-26,19664.69921875,1919.800048828125,82.11463928222656,11.1899995803833,83.0282974243164
2023-09-27,19716.44921875,1890.9000244140625,81.74762725830078,11.59000015258789,83.29869842529297
2023-09-28,19523.55078125,1878.5999755859375,81.97142791748047,12.819999694824219,83.22270202636719
2023-09-29,19638.30078125,1866.0999755859375,81.98931884765625,11.449999809265137,83.19300079345703
2023-10-02,,1847.199951171875,81.32427978515625,,83.03479766845703
2023-10-03,19528.75,1841.5,80.65111541748047,11.789999961853027,83.3593978881836
2023-10-04,19436.099609375,1834.800048828125,81.16271209716797,11.65999984741211,83.22979736328125
2023-10-05,19545.75,1831.800048828125,81.3152847290039,10.9399995803833,83.44979858398438
2023-10-06,19653.5,1845.199951171875,80.83960723876953,10.300000190734863,83.22489929199219
2023-10-09,19512.349609375,1864.300048828125,81.87175750732422,11.399999618530273,83.12460327148438
2023-10-10,19689.849609375,1875.300048828125,81.710205078125,11.270000457763672,83.27030181884766
2023-10-11,19811.349609375,1887.300048828125,82.158935546875,10.989999771118164,83.25029754638672
2023-10-12,19794.0,1883.0,81.36912536621094,10.619999885559082,83.21800231933594
2023-10-13,19751.05078125,1941.5,81.88970947265625,10.619999885559082,83.26239776611328
2023-10-16,19731.75,1934.300048828125,81.405029296875,11.069999694824219,83.28230285644531
2023-10-17,19811.5,1935.699951171875,80.60624694824219,10.699999809265137,83.19950103759766
2023-10-18,19671.099609375,1968.300048828125,80.22929382324219,10.970000267028809,83.26429748535156
2023-10-19,19624.69921875,1980.5,79.8343734741211,10.899999618530273,83.26860046386719
2023-10-20,19542.650390625,1994.4000244140625,80.30109405517578,10.819999694824219,83.12229919433594
2023-10-23,19281.75,1987.800048828125,80.67804718017578,10.90999984741211,83.15979766845703
2023-10-24,,1986.0999755859375,80.82164764404297,,83.02940368652344
2023-10-25,19122.150390625,1994.9000244140625,80.11258697509766,11.3100004196167,82.98780059814453
2023-10-26,18857.25,1997.4000244140625,80.7229232788086,11.729999542236328,83.1709976196289
2023-10-27,19047.25,1998.5,80.84860229492188,10.90999984741211,83.28250122070312
2023-10-30,19140.900390625,2005.5999755859375,80.57933044433594,11.489999771118164,83.41339874267578
2023-10-31,19079.599609375,1994.300048828125,80.40878295898438,11.829999923706055,83.29650115966797
2023-11-01,18989.150390625,1987.5,81.33490753173828,12.050000190734863,83.2771987915039
2023-11-02,19133.25,1993.5,81.83892822265625,11.079999923706055,85.19400024414062
2023-11-03,19230.599609375,1999.199951171875,82.46894073486328,10.880000114440918,83.24729919433594
2023-11-06,19411.75,1988.5999755859375,81.99191284179688,11.109999656677246,83.15850067138672
2023-11-07,19406.69921875,1973.5,82.45993041992188,11.1899995803833,83.2228012084961
2023-11-08,19443.5,1957.800048828125,82.79293823242188,11.039999961853027,83.23269653320312
2023-11-09,19395.30078125,1969.800048828125,81.97392272949219,10.979999542236328,83.21769714355469
2023-11-10,19425.349609375,1937.699951171875,82.06391906738281,11.109999656677246,83.31939697265625
2023-11-13,19443.55078125,1950.199951171875,82.0189208984375,11.1899995803833,83.29889678955078
2023-11-14,,1966.5,83.251953125,,83.19760131835938
2023-11-15,19675.44921875,1964.300048828125,82.6039047241211,11.140000343322754,82.98159790039062
2023-11-16,19765.19921875,1987.300048828125,83.22496032714844,11.649999618530273,83.18620300292969
2023-11-17,19731.80078125,1984.699951171875,83.27896118164062,11.829999923706055,83.12030029296875
2023-11-20,19694.0,1980.300048828125,83.39595031738281,12.149999618530273,83.29149627685547
2023-11-21,19783.400390625,2001.5999755859375,83.50394439697266,12.229999542236328,83.32219696044922
2023-11-22,19811.849609375,1992.800048828125,83.47694396972656,11.869999885559082,83.345703125
2023-11-23,19802.0,1993.300048828125,,11.319999694824219,83.54830169677734
2023-11-24,19794.69921875,2003.0,83.04496002197266,11.329999923706055,83.34400177001953
2023-11-27,,2012.4000244140625,83.67498016357422,,83.31449890136719
2023-11-28,19889.69921875,2040.0,84.0439453125,12.180000305175781,83.364501953125
2023-11-29,20096.599609375,2047.0999755859375,84.48497772216797,12.710000038146973,83.41809844970703
2023-11-30,20133.150390625,2038.0999755859375,84.07096099853516,12.6899995803833,83.3302993774414
2023-12-01,20267.900390625,2089.699951171875,84.86420440673828,12.380000114440918,83.35269927978516
2023-12-04,20686.80078125,2042.199951171875,84.51226806640625,12.989999771118164,83.21859741210938
2023-12-05,20855.099609375,2036.300048828125,85.10784912109375,13.460000038146973,83.41709899902344
2023-12-06,20937.69921875,2047.9000244140625,85.45980834960938,13.739999771118164,83.31590270996094
2023-12-07,20901.150390625,2046.4000244140625,85.33345031738281,12.670000076293945,83.28959655761719
2023-12-08,20969.400390625,2014.5,84.78298950195312,12.470000267028809,83.35489654541016
2023-12-11,20997.099609375,1993.699951171875,84.79199981689453,12.760000228881836,83.43009948730469
2023-12-12,20906.400390625,1993.199951171875,84.97250366210938,12.710000038146973,83.34349822998047
2023-12-13,20926.349609375,1997.300048828125,86.23590087890625,12.069999694824219,83.39600372314453
2023-12-14,21182.69921875,2044.9000244140625,86.95271301269531,12.319999694824219,83.2853012084961
2023-12-15,21456.650390625,2035.699951171875,86.88031768798828,13.130000114440918,83.29660034179688
2023-12-18,21418.650390625,2040.5,86.69026184082031,13.899999618530273,83.04170227050781
2023-12-19,21453.099609375,2052.10009765625,86.85317993164062,13.869999885559082,83.11119842529297
2023-12-20,21150.150390625,2047.699951171875,87.27857208251953,14.449999809265137,83.09159851074219
2023-12-21,21255.05078125,2051.300048828125,87.1427993774414,13.760000228881836,83.26719665527344
2023-12-22,21349.400390625,2069.10009765625,87.06134033203125,13.710000038146973,83.13159942626953
2023-12-25,,,,,83.16500091552734
2023-12-26,21441.349609375,2069.800048828125,87.11565399169922,14.680000305175781,83.17230224609375
2023-12-27,21654.75,2093.10009765625,87.79447174072266,15.5600004196167,83.18280029296875
2023-12-28,21778.69921875,2083.5,87.45960235595703,15.140000343322754,83.26719665527344
2023-12-29,21731.400390625,2071.800048828125,87.24238586425781,14.5,82.302001953125
2024-01-01,21741.900390625,,,,83.24859619140625
2024-01-02,21665.80078125,2073.39990234375,86.91655731201172,14.579999923706055,83.20259857177734
2024-01-03,21517.349609375,2042.800048828125,87.12468719482422,14.100000381469727,83.25700378417969
2024-01-04,21658.599609375,2050.0,86.59971618652344,13.329999923706055,83.31809997558594
2024-01-05,21710.80078125,2049.800048828125,86.28297424316406,12.630000114440918,83.2406005859375
2024-01-08,21513.0,2033.5,86.57257843017578,13.460000038146973,83.19110107421875
2024-01-09,21544.849609375,2033.0,86.53639221191406,13.260000228881836,83.05069732666016
2024-01-10,21618.69921875,2027.800048828125,86.400634765625,12.970000267028809,83.131103515625
2024-01-11,21647.19921875,2019.199951171875,86.86223602294922,12.770000457763672,83.02559661865234
2024-01-12,21894.55078125,2051.60009765625,87.09754180908203,13.100000381469727,83.07610321044922
2024-01-15,22097.44921875,,,13.789999961853027,82.87210083007812
2024-01-16,22032.30078125,2030.199951171875,86.39157104492188,13.569999694824219,82.8593978881836
2024-01-17,21571.94921875,2006.5,86.1109848022461,15.079999923706055,83.08899688720703
2024-01-18,21462.25,2021.5999755859375,85.92091369628906,14.069999694824219,83.17759704589844
2024-01-19,21622.400390625,2029.300048828125,85.92997741699219,13.880000114440918,83.16059875488281
2024-01-22,,2022.199951171875,86.19245147705078,,83.12470245361328
2024-01-23,21238.80078125,2025.800048828125,85.9752197265625,14.850000381469727,83.09510040283203
2024-01-24,21453.94921875,2016.0,85.73086547851562,14.380000114440918,83.22139739990234
2024-01-25,21352.599609375,2017.800048828125,86.10196685791016,13.869999885559082,83.09760284423828
2024-01-26,,2017.300048828125,85.94807434082031,,83.14610290527344
2024-01-29,21737.599609375,2025.4000244140625,86.4639663696289,15.680000305175781,83.12129974365234
2024-01-30,21522.099609375,2031.5,86.58164978027344,16.100000381469727,83.1530990600586
2024-01-31,21725.69921875,2048.39990234375,87.30570220947266,16.049999237060547,83.10970306396484
2024-02-01,21697.44921875,2071.10009765625,87.84649658203125,14.460000038146973,83.05359649658203
2024-02-02,21853.80078125,2053.699951171875,86.7032699584961,14.699999809265137,82.92759704589844
2024-02-05,21771.69921875,2042.9000244140625,85.85946655273438,15.619999885559082,82.99929809570312
2024-02-06,21929.400390625,2051.39990234375,86.32220458984375,15.789999961853027,83.10369873046875
2024-02-07,21930.5,2051.699951171875,86.16795349121094,15.510000228881836,83.07060241699219
2024-02-08,21717.94921875,2047.9000244140625,85.88666534423828,15.829999923706055,83.01260375976562
2024-02-09,21782.5,2038.699951171875,85.732421875,15.449999809265137,82.98529815673828
2024-02-12,21616.05078125,2033.0,85.81409454345703,16.059999465942383,83.0145034790039
2024-02-13,21743.25,2007.199951171875,84.87047576904297,15.8100004196167,82.99019622802734
2024-02-14,21840.05078125,2004.300048828125,85.18804931640625,15.4399995803833,83.07460021972656
2024-02-15,21910.75,2014.9000244140625,85.42391967773438,15.229999542236328,83.04309844970703
2024-02-16,22040.69921875,2024.0999755859375,85.05194091796875,15.220000267028809,83.00959777832031
2024-02-19,22122.25,,,,83.01599884033203
2024-02-20,22196.94921875,2039.800048828125,85.19709014892578,16.06999969482422,83.02100372314453
2024-02-21,22055.05078125,2034.300048828125,84.92491149902344,15.930000305175781,82.8291015625
2024-02-22,22217.44921875,2030.699951171875,84.93401336669922,15.199999809265137,82.93840026855469
2024-02-23,22212.69921875,2049.39990234375,85.32412719726562,14.970000267028809,82.87229919433594
2024-02-26,22122.05078125,2038.9000244140625,85.19709014892578,15.600000381469727,82.88179779052734
2024-02-27,22198.349609375,2044.0999755859375,85.00658416748047,15.729999542236328,82.85199737548828
2024-02-28,21951.150390625,2042.699951171875,85.31507873535156,16.329999923706055,82.94819641113281
2024-02-29,21982.80078125,2054.699951171875,85.48748016357422,15.569999694824219,82.91190338134766
2024-03-01,22338.75,2095.699951171875,85.87773895263672,15.239999771118164,82.910400390625
2024-03-04,22405.599609375,2126.300048828125,85.68671417236328,14.920000076293945,82.84609985351562
2024-03-05,22356.30078125,2141.89990234375,86.21430969238281,14.380000114440918,82.9104995727539
2024-03-06,22474.05078125,2158.199951171875,86.42356872558594,14.300000190734863,82.88480377197266
2024-03-07,22493.55078125,2165.199951171875,86.569091796875,13.609999656677246,82.81909942626953
2024-03-08,,2185.5,86.63279724121094,,82.7522964477539
2024-03-11,22332.650390625,2188.60009765625,86.52361297607422,14.0,82.7520980834961
2024-03-12,22335.69921875,2166.10009765625,86.16883850097656,13.640000343322754,82.7782974243164
2024-03-13,21997.69921875,2180.800048828125,85.97779083251953,14.430000305175781,82.83509826660156
2024-03-14,22146.650390625,2167.5,85.34099578857422,13.619999885559082,82.83110046386719
2024-03-15,22023.349609375,2161.5,85.19542694091797,13.6899995803833,82.9655990600586
2024-03-18,22055.69921875,2164.300048828125,85.0953598022461,13.899999618530273,82.88890075683594
2024-03-19,21817.44921875,2159.699951171875,85.34099578857422,14.109999656677246,82.86360168457031
2024-03-20,21839.099609375,2161.0,85.54114532470703,13.470000267028809,83.04239654541016
2024-03-21,22011.94921875,2184.699951171875,85.55021667480469,12.510000228881836,83.05460357666016
2024-03-22,22096.75,2160.0,85.96868896484375,12.220000267028809,83.22660064697266
2024-03-25,,2176.39990234375,85.74124908447266,,83.59359741210938
2024-03-26,22004.69921875,2177.199951171875,85.8686294555664,12.819999694824219,83.41739654541016
2024-03-27,22123.650390625,2190.60009765625,86.1961441040039,12.699999809265137,83.34549713134766
2024-03-28,22326.900390625,2217.39990234375,86.11424255371094,12.829999923706055,83.36499786376953
2024-03-29,,,,,83.39299774169922
2024-04-01,22462.0,2257.10009765625,85.33506774902344,12.079999923706055,83.36479949951172
2024-04-02,22453.30078125,2281.800048828125,85.15260314941406,11.649999618530273,83.40969848632812
2024-04-03,22434.650390625,2315.0,85.25296020507812,11.369999885559082,83.35030364990234
2024-04-04,22514.650390625,2308.5,85.54490661621094,11.220000267028809,83.37329864501953
2024-04-05,22513.69921875,2345.39990234375,84.97923278808594,11.34000015258789,83.47779846191406
2024-04-08,22666.30078125,2351.0,84.78763580322266,11.609999656677246,83.29679870605469
2024-04-09,22642.75,2362.39990234375,85.12522888183594,11.359999656677246,83.26959991455078
2024-04-10,22753.80078125,2348.39990234375,83.99388122558594,11.109999656677246,83.22429656982422
2024-04-11,,2372.699951171875,83.87525939941406,,83.4126968383789
2024-04-12,22519.400390625,2374.10009765625,84.22196960449219,11.529999732971191,83.34929656982422
2024-04-15,22272.5,2383.0,83.68365478515625,12.470000267028809,83.61109924316406
2024-04-16,22147.900390625,2407.800048828125,83.3552017211914,12.619999885559082,83.50599670410156
2024-04-17,,2388.39990234375,83.88436889648438,,83.6675033569336
2024-04-18,21995.849609375,2398.0,83.59243774414062,13.039999961853027,83.5958023071289
2024-04-19,22147.0,2413.800048828125,83.70191192626953,13.460000038146973,83.54499816894531
2024-04-22,22336.400390625,2346.39990234375,83.71104431152344,12.699999809265137,83.38529968261719
2024-04-23,22368.0,2342.10009765625,83.82051849365234,10.199999809265137,83.38619995117188
2024-04-24,22402.400390625,2338.39990234375,83.5650634765625,10.279999732971191,83.2833023071289
2024-04-25,22570.349609375,2342.5,83.24571228027344,10.729999542236328,83.3405990600586
2024-04-26,22419.94921875,2347.199951171875,83.47381591796875,10.930000305175781,83.30180358886719
2024-04-29,22643.400390625,2357.699951171875,83.81139373779297,12.239999771118164,83.40229797363281
2024-04-30,22604.849609375,2302.89990234375,83.4190673828125,12.869999885559082,83.45110321044922
2024-05-01,,2311.0,83.74940490722656,,83.49839782714844
2024-05-02,22648.19921875,2309.60009765625,84.14290618896484,13.449999809265137,83.40640258789062
2024-05-03,22475.849609375,2308.60009765625,84.6095962524414,14.619999885559082,83.40630340576172
2024-05-06,22442.69921875,2331.199951171875,84.68282318115234,16.600000381469727,83.37999725341797
2024-05-07,22302.5,2324.199951171875,84.90242004394531,17.010000228881836,83.4728012084961
2024-05-08,22302.5,2322.300048828125,84.66452026367188,17.079999923706055,83.46990203857422
2024-05-09,21957.5,2340.300048828125,84.92076110839844,18.200000762939453,83.46430206298828
2024-05-10,22055.19921875,2375.0,84.64622497558594,18.469999313354492,83.45939636230469
2024-05-13,22104.05078125,2343.0,84.74687957763672,20.600000381469727,83.5248031616211
2024-05-14,22217.849609375,2359.89990234375,84.99394989013672,20.200000762939453,83.50550079345703
2024-05-15,22200.55078125,2394.89990234375,85.63453674316406,20.270000457763672,83.52420043945312
2024-05-16,22403.849609375,2385.5,85.46979522705078,20.0,83.40509796142578
2024-05-17,22466.099609375,2417.39990234375,85.20441436767578,19.799999237060547,83.47010040283203
2024-05-20,,2438.5,85.07630920410156,,83.30039978027344
2024-05-21,22529.05078125,2425.89990234375,85.29593658447266,21.809999465942383,83.31500244140625
2024-05-22,22597.80078125,2392.89990234375,85.18611907958984,21.469999313354492,83.31680297851562
2024-05-23,22967.650390625,2337.199951171875,84.88414764404297,21.3799991607666,83.26709747314453
2024-05-24,22957.099609375,2334.5,84.99394989013672,21.709999084472656,83.2863998413086
2024-05-27,22932.44921875,,,23.190000534057617,83.05220031738281
2024-05-28,22888.150390625,2356.5,84.51810455322266,24.200000762939453,83.14569854736328
2024-05-29,22704.69921875,2341.199951171875,84.10631561279297,24.18000030517578,83.20649719238281
2024-05-30,22488.650390625,2342.89990234375,84.52723693847656,24.18000030517578,83.3656005859375
2024-05-31,22530.69921875,2322.89990234375,84.92076110839844,24.600000381469727,83.3208999633789
2024-06-03,23263.900390625,2369.300048828125,85.47693634033203,20.940000534057617,83.45079803466797
2024-06-04,21884.5,2347.39990234375,85.94503784179688,26.75,83.09339904785156
2024-06-05,22620.349609375,2375.5,86.25709533691406,18.889999389648438,83.62940216064453
2024-06-06,22821.400390625,2390.89990234375,86.22039794921875,16.799999237060547,83.38079833984375
2024-06-07,23290.150390625,2325.0,85.31172180175781,16.8799991607666,83.47309875488281
2024-06-10,23259.19921875,2327.0,85.12816619873047,16.399999618530273,83.52760314941406
2024-06-11,23264.849609375,2326.60009765625,85.57789611816406,14.770000457763672,83.52980041503906
2024-06-12,23322.94921875,2354.800048828125,86.05517578125,14.390000343322754,83.5968017578125
2024-06-13,23398.900390625,2318.0,86.62422943115234,13.489999771118164,83.5343017578125
2024-06-14,23465.599609375,2349.10009765625,86.82616424560547,12.819999694824219,83.52210235595703
2024-06-17,,2329.0,86.42230224609375,,83.55180358886719
2024-06-18,23557.900390625,2346.89990234375,86.79862213134766,12.970000267028809,83.51010131835938
2024-06-19,23516.0,,,13.710000038146973,83.37409973144531
2024-06-20,23567.0,2369.0,86.57833099365234,13.350000381469727,83.41950225830078
2024-06-21,23501.099609375,2331.199951171875,86.5967025756836,13.180000305175781,83.60160064697266
2024-06-24,23537.849609375,2344.39990234375,86.67010498046875,14.0600004196167,83.5625
2024-06-25,23721.30078125,2330.800048828125,86.74354553222656,14.3100004196167,83.46040344238281
2024-06-26,23868.80078125,2313.199951171875,86.22039794921875,14.050000190734863,83.41459655761719
2024-06-27,24044.5,2336.60009765625,86.41311645507812,14.149999618530273,83.58039855957031
2024-06-28,24010.599609375,2339.60009765625,85.95420837402344,13.800000190734863,83.45089721679688
2024-07-01,24141.94921875,2338.89990234375,85.31436920166016,13.829999923706055,83.36750030517578
2024-07-02,24123.849609375,2333.39990234375,85.6365737915039,13.640000343322754,83.44129943847656
2024-07-03,24286.5,2369.39990234375,86.2073745727539,13.210000038146973,83.4791030883789
2024-07-04,24302.150390625,,,12.859999656677246,83.49120330810547
2024-07-05,24323.849609375,2397.699951171875,86.68611145019531,12.699999809265137,83.49340057373047
2024-07-08,24320.55078125,2363.5,86.71375274658203,13.600000381469727,83.47209930419922
2024-07-09,24433.19921875,2367.89990234375,86.59405517578125,14.279999732971191,83.45760345458984
2024-07-10,24324.44921875,2379.699951171875,86.6769027709961,14.430000305175781,83.49299621582031
2024-07-11,24315.94921875,2421.89990234375,87.22926330566406,14.0,83.49590301513672
2024-07-12,24502.150390625,2420.699951171875,87.41339874267578,13.729999542236328,83.51850128173828
2024-07-15,24586.69921875,2428.89990234375,87.13721466064453,14.1899995803833,83.52030181884766
2024-07-16,24613.0,2467.800048828125,87.52387237548828,14.220000267028809,83.58760070800781
2024-07-17,,2459.89990234375,87.59752655029297,,83.52960205078125
2024-07-18,24800.849609375,2456.39990234375,87.34896087646484,14.510000228881836,83.57209777832031
2024-07-19,24530.900390625,2399.10009765625,87.07278442382812,14.829999923706055,83.67430114746094
2024-07-22,24509.25,2394.699951171875,86.98992919921875,15.4399995803833,83.73030090332031
2024-07-23,24479.05078125,2407.300048828125,87.05433654785156,12.75,83.67130279541016
2024-07-24,24413.5,2415.699951171875,86.86103057861328,11.760000228881836,83.70680236816406
2024-07-25,24406.099609375,2353.5,87.05433654785156,12.619999885559082,83.74299621582031
2024-07-26,24834.849609375,2381.0,87.46862030029297,12.25,83.73760223388672
2024-07-29,24836.099609375,2377.800048828125,87.61593627929688,12.949999809265137,83.72779846191406
2024-07-30,24857.30078125,2405.0,87.80007934570312,12.880000114440918,83.75050354003906
2024-07-31,24951.150390625,2426.5,88.44449615478516,13.25,83.73899841308594
2024-08-01,25010.900390625,2480.800048828125,88.82217407226562,12.930000305175781,83.7177963256836
2024-08-02,24717.69921875,2469.800048828125,90.19805145263672,14.319999694824219,83.743896484375
2024-08-05,24055.599609375,2444.39990234375,90.2903823852539,20.3700008392334,83.73529815673828
2024-08-06,23992.55078125,2431.60009765625,89.48702239990234,18.739999771118164,84.00260162353516
2024-08-07,24297.5,2432.39990234375,89.16383361816406,16.170000076293945,83.93489837646484
2024-08-08,24117.0,2463.300048828125,88.89604949951172,16.600000381469727,83.94239807128906
2024-08-09,24367.5,2473.39990234375,89.25617980957031,15.34000015258789,83.98899841308594
2024-08-12,24347.0,2504.0,89.50550079345703,15.869999885559082,83.94979858398438
2024-08-13,24139.0,2507.800048828125,89.9025650024414,16.170000076293945,83.88999938964844
2024-08-14,24143.75,2479.699951171875,90.02259063720703,15.4399995803833,83.88200378417969
2024-08-15,,2492.39990234375,89.45932006835938,,83.97149658203125
2024-08-16,24541.150390625,2537.800048828125,89.63475799560547,14.399999618530273,83.94830322265625
2024-08-19,24572.650390625,2541.300048828125,89.75480651855469,14.319999694824219,83.88980102539062
2024-08-20,24698.849609375,2550.60009765625,90.11495208740234,13.819999694824219,83.87860107421875
2024-08-21,24770.19921875,2547.5,90.29962158203125,13.329999923706055,83.77940368652344
2024-08-22,24811.5,2516.699951171875,89.88409423828125,13.0,83.88860321044922
2024-08-23,24823.150390625,2546.300048828125,90.29962158203125,13.550000190734863,83.94059753417969
2024-08-26,25010.599609375,2555.199951171875,90.18882751464844,13.800000190734863,83.81379699707031
2024-08-27,25017.75,2552.89990234375,90.15187072753906,13.630000114440918,83.88369750976562
2024-08-28,25052.349609375,2537.800048828125,90.10572052001953,13.949999809265137,83.92160034179688
2024-08-29,25151.94921875,2560.300048828125,89.94873046875,13.789999961853027,83.94149780273438
2024-08-30,25235.900390625,2527.60009765625,89.63475799560547,13.390000343322754,83.89510345458984
2024-09-02,25278.69921875,,,14.0600004196167,83.86380004882812
2024-09-03,25279.849609375,2523.0,90.22566986083984,13.84000015258789,83.92729949951172
2024-09-04,25198.69921875,2526.0,90.75355529785156,14.380000114440918,83.95030212402344
2024-09-05,25145.099609375,2543.10009765625,90.96659088134766,14.210000038146973,83.98249816894531
2024-09-06,24852.150390625,2524.60009765625,91.09622955322266,15.220000267028809,83.98359680175781
2024-09-09,24936.400390625,2532.699951171875,91.22591400146484,14.239999771118164,83.98259735107422
2024-09-10,25041.099609375,2543.10009765625,91.6148910522461,13.359999656677246,83.98090362548828
2024-09-11,24918.44921875,2542.39990234375,91.55006408691406,13.630000114440918,83.98200225830078
2024-09-12,25388.900390625,2580.60009765625,91.40187072753906,13.180000305175781,83.99259948730469
2024-09-13,25356.5,2610.699951171875,91.57784271240234,12.550000190734863,83.93479919433594
2024-09-16,25383.75,2608.89990234375,91.8186264038086,12.460000038146973,83.88480377197266
2024-09-17,25418.55078125,2592.39990234375,91.65193176269531,12.59000015258789,83.88400268554688
2024-09-18,25377.55078125,2598.60009765625,91.25370025634766,13.369999885559082,83.77059936523438
2024-09-19,25415.80078125,2614.60009765625,91.17957305908203,12.470000267028809,83.69170379638672
2024-09-20,25790.94921875,2646.199951171875,91.15180969238281,12.789999961853027,83.61470031738281
2024-09-23,25939.05078125,2652.5,91.09622955322266,13.789999961853027,83.48709869384766
2024-09-24,25940.400390625,2677.0,91.1981201171875,13.390000343322754,83.55960083007812
2024-09-25,26004.150390625,2684.699951171875,90.8276596069336,12.739999771118164,83.56759643554688
2024-09-26,26216.05078125,2694.89990234375,90.76282501220703,12.0,83.62409973144531
2024-09-27,26178.94921875,2668.10009765625,91.12401580810547,11.960000038146973,83.61710357666016
2024-09-30,25810.849609375,2659.39990234375,90.87398529052734,12.789999961853027,83.71640014648438
2024-10-01,25796.900390625,2690.300048828125,91.20465087890625,11.989999771118164,83.82730102539062
2024-10-02,,2669.699951171875,90.9445571899414,,83.87210083007812
2024-10-03,25250.099609375,2679.199951171875,90.4801254272461,13.170000076293945,83.91960144042969
2024-10-04,25014.599609375,2667.800048828125,89.60700988769531,14.130000114440918,84.0093994140625
2024-10-07,24795.75,2666.0,89.28191375732422,15.079999923706055,84.02780151367188
2024-10-08,25013.150390625,2635.39990234375,89.35620880126953,14.59000015258789,83.96410369873047
2024-10-09,24981.94921875,2626.0,89.02183532714844,14.119999885559082,83.91459655761719
2024-10-10,24998.44921875,2639.300048828125,89.01254272460938,13.5,83.94219970703125
2024-10-11,24964.25,2676.300048828125,89.04037475585938,13.220000267028809,83.94599914550781
2024-10-14,25127.94921875,2665.60009765625,88.88249206542969,13.0,84.16829681396484
2024-10-15,25057.349609375,2678.89990234375,89.33765411376953,13.0,84.04850006103516
2024-10-16,24971.30078125,2691.300048828125,89.47696685791016,13.050000190734863,84.05619812011719
2024-10-17,24749.849609375,2707.5,89.01254272460938,13.390000343322754,84.03929901123047
2024-10-18,24854.05078125,2730.0,89.11470031738281,13.039999961853027,84.05380249023438
2024-10-21,24781.099609375,2738.89990234375,88.42735290527344,13.760000228881836,84.0687026977539
2024-10-22,24472.099609375,2759.800048828125,88.34371948242188,14.399999618530273,84.07350158691406
2024-10-23,24435.5,2729.39990234375,88.13939666748047,14.619999885559082,84.08399963378906
2024-10-24,24399.400390625,2748.89990234375,88.33445739746094,13.970000267028809,84.06759643554688
2024-10-25,24180.80078125,2754.60009765625,88.13939666748047,14.630000114440918,84.08180236816406
2024-10-28,24339.150390625,2755.89990234375,87.93506622314453,14.289999961853027,84.10199737548828
2024-10-29,24466.849609375,2781.10009765625,87.97220611572266,14.520000457763672,84.10279846191406
2024-10-30,24340.849609375,2800.800048828125,87.84215545654297,15.510000228881836,84.08930206298828
2024-10-31,24205.349609375,2749.300048828125,87.79572296142578,15.550000190734863,84.08910369873047
2024-11-01,24304.349609375,2749.199951171875,87.27581787109375,15.899999618530273,84.09149932861328
2024-11-04,23995.349609375,2746.199951171875,87.74168395996094,16.690000534057617,84.13359832763672
2024-11-05,24213.30078125,2749.699951171875,87.78829193115234,16.1200008392334,84.15249633789062
2024-11-06,24484.05078125,2676.300048828125,86.8844985961914,14.869999885559082,84.11630249023438
2024-11-07,24199.349609375,2705.800048828125,87.58328247070312,14.9399995803833,84.2511978149414
2024-11-08,24148.19921875,2694.800048828125,87.7696304321289,14.470000267028809,84.306396484375
2024-11-11,24141.30078125,2617.699951171875,87.52739715576172,14.270000457763672,84.38289642333984
2024-11-12,23883.44921875,2606.300048828125,86.97769165039062,14.59000015258789,84.39649963378906
2024-11-13,23559.05078125,2586.5,86.92173767089844,15.4399995803833,84.39530181884766
2024-11-14,23532.69921875,2572.89990234375,86.9124526977539,14.779999732971191,84.4229965209961
2024-11-15,,2570.10009765625,86.94969940185547,,84.47380065917969
2024-11-18,23453.80078125,2614.60009765625,87.1453857421875,15.170000076293945,84.47750091552734
2024-11-19,23518.5,2631.0,87.33172607421875,15.65999984741211,84.39849853515625
2024-11-20,,2651.699951171875,87.20126342773438,,84.39759826660156
2024-11-21,23349.900390625,2674.89990234375,87.15470123291016,15.989999771118164,84.38310241699219
2024-11-22,23907.25,2712.199951171875,87.21060943603516,16.100000381469727,84.48829650878906
2024-11-25,24221.900390625,2618.5,88.15166473388672,15.300000190734863,84.43599700927734
2024-11-26,24194.5,2621.300048828125,87.9653091430664,15.3100004196167,84.37750244140625
2024-11-27,24274.900390625,2639.89990234375,88.31937408447266,14.630000114440918,84.33910369873047
2024-11-28,23914.150390625,,,15.210000038146973,84.42030334472656
2024-11-29,24131.099609375,2657.0,88.69207000732422,14.430000305175781,84.47160339355469
2024-12-02,24276.05078125,2658.5,88.6845932006836,14.699999809265137,84.55699920654297
2024-12-03,24457.150390625,2667.89990234375,88.43224334716797,14.369999885559082,84.73709869384766
2024-12-04,24467.44921875,2676.199951171875,88.76870727539062,14.449999809265137,84.68309783935547
2024-12-05,24708.400390625,2648.39990234375,88.7593765258789,14.529999732971191,84.70700073242188
2024-12-06,24677.80078125,2659.60009765625,89.03974914550781,14.140000343322754,84.68379974365234
2024-12-09,24619.0,2685.800048828125,88.73130798339844,14.109999656677246,84.66600036621094
2024-12-10,24610.05078125,2718.39990234375,88.57241821289062,13.779999732971191,84.84729766845703
2024-12-11,24641.80078125,2756.699951171875,88.31073760986328,13.270000457763672,84.8740005493164
2024-12-12,24548.69921875,2709.39990234375,87.97428894042969,13.1899995803833,84.85710144042969
2024-12-13,24768.30078125,2675.800048828125,87.56306457519531,13.050000190734863,84.83920288085938
2024-12-16,24668.25,2670.0,87.59110260009766,14.020000457763672,84.802001953125
2024-12-17,24336.0,2662.0,87.59110260009766,14.489999771118164,84.91729736328125
2024-12-18,24198.849609375,2653.300048828125,86.91407775878906,14.369999885559082,84.91539764404297
2024-12-19,23951.69921875,2608.10009765625,86.520263671875,14.510000228881836,85.16549682617188
2024-12-20,23587.5,2645.10009765625,86.83907318115234,15.069999694824219,85.27940368652344
2024-12-23,23753.44921875,2628.199951171875,86.45462036132812,13.520000457763672,84.94499969482422
2024-12-24,23727.650390625,2635.5,86.50151062011719,13.180000305175781,85.0988998413086
2024-12-25,,,,,85.18150329589844
2024-12-26,23750.19921875,2653.89990234375,86.567138671875,14.039999961853027,85.41339874267578
2024-12-27,23813.400390625,2631.89990234375,86.34208679199219,13.239999771118164,85.26090240478516
2024-12-30,23644.900390625,2618.10009765625,86.84844970703125,13.970000267028809,85.38600158691406
2024-12-31,23644.80078125,2641.0,86.68903350830078,14.449999809265137,85.7865982055664
2025-01-01,23742.900390625,,,,
2025-01-02,24188.650390625,2669.0,86.73593139648438,13.739999771118164,85.78569793701172
2025-01-03,24004.75,2654.699951171875,86.59527587890625,13.539999961853027,85.80400085449219
2025-01-06,23616.05078125,2647.39990234375,86.5108871459961,15.649999618530273,85.75900268554688
2025-01-07,23707.900390625,2665.39990234375,86.11705017089844,14.65999984741211,85.68070220947266
2025-01-08,23688.94921875,2672.39990234375,86.26708984375,14.470000267028809,85.80650329589844
2025-01-09,23526.5,2690.800048828125,,14.65999984741211,85.90750122070312
2025-01-10,23431.5,2715.0,85.63883209228516,14.920000076293945,85.91999816894531
2025-01-13,23085.94921875,2678.60009765625,85.48878479003906,16.0,86.18800354003906
2025-01-14,23176.05078125,2682.300048828125,85.51692199707031,15.470000267028809,86.65059661865234
2025-01-15,23213.19921875,2717.800048828125,86.41709899902344,15.260000228881836,86.535400390625
2025-01-16,23311.80078125,2750.89990234375,86.62338256835938,15.470000267028809,86.43099975585938
2025-01-17,23203.19921875,2748.699951171875,86.68903350830078,15.75,86.6061019897461
2025-01-20,23344.75,,,16.420000076293945,86.56900024414062
2025-01-21,23024.650390625,2759.199951171875,86.97972106933594,17.059999465942383,86.21109771728516
2025-01-22,23155.349609375,2770.89990234375,86.75466918945312,16.770000457763672,86.45189666748047
2025-01-23,23205.349609375,2765.0,86.52963256835938,16.700000762939453,86.47270202636719
2025-01-24,23092.19921875,2778.89990234375,86.70780944824219,16.75,86.44020080566406
2025-01-27,22829.150390625,2738.39990234375,87.27041625976562,18.1299991607666,86.2030029296875
2025-01-28,22957.25,2767.5,87.27979278564453,18.200000762939453,86.46839904785156
2025-01-29,23163.099609375,2769.800048828125,87.1766357421875,18.639999389648438,86.58460235595703
2025-01-30,23249.5,2823.0,87.36416625976562,17.389999389648438,86.6406021118164
2025-01-31,23508.400390625,2812.5,87.22352600097656,16.25,86.64700317382812
2025-02-01,23482.150390625,,,,
2025-02-03,23361.05078125,2857.10009765625,87.28558349609375,14.350000381469727,86.55400085449219
2025-02-04,23739.25,2875.800048828125,87.50194549560547,14.020000457763672,86.94339752197266
2025-02-05,23696.30078125,2893.0,88.00992584228516,14.079999923706055,87.13009643554688
2025-02-06,23603.349609375,2876.699951171875,87.90647888183594,14.180000305175781,87.33409881591797
2025-02-07,23559.94921875,2887.60009765625,87.61486053466797,13.6899995803833,87.58830261230469
2025-02-10,23381.599609375,2934.39990234375,87.59603881835938,14.449999809265137,87.51309967041016
2025-02-11,23071.80078125,2932.60009765625,87.37026977539062,14.869999885559082,87.49009704589844
2025-02-12,23045.25,2928.699951171875,86.76823425292969,14.899999618530273,86.81120300292969
2025-02-13,23031.400390625,2945.39990234375,87.41731262207031,14.960000038146973,86.8740005493164
2025-02-14,22929.25,2900.699951171875,87.78416442871094,15.020000457763672,86.75409698486328
2025-02-17,22959.5,,,15.720000267028809,86.43460083007812
2025-02-18,22945.30078125,2949.0,87.3138198852539,15.670000076293945,86.85479736328125
2025-02-19,22932.900390625,2936.10009765625,87.45492553710938,15.420000076293945,86.88719940185547
2025-02-20,22913.150390625,2956.10009765625,87.6336669921875,14.680000305175781,86.872802734375
2025-02-21,22795.900390625,2953.199951171875,88.15101623535156,14.529999732971191,86.45120239257812
2025-02-24,22553.349609375,2963.199951171875,88.33917999267578,14.4399995803833,86.52940368652344
2025-02-25,22547.55078125,2918.800048828125,89.03527069091797,13.720000267028809,86.69010162353516
2025-02-26,,2930.60009765625,89.27984619140625,,87.0811996459961
2025-02-27,22545.05078125,2895.89990234375,89.17637634277344,13.3100004196167,87.16220092773438
2025-02-28,22124.69921875,2848.5,89.66552734375,13.90999984741211,87.3270034790039
2025-03-03,22119.30078125,2901.10009765625,89.99098205566406,13.760000228881836,87.46399688720703
2025-03-04,22082.650390625,2920.60009765625,89.70799255371094,13.829999923706055,87.32959747314453
2025-03-05,22337.30078125,2926.0,89.20795440673828,13.670000076293945,87.21700286865234
2025-03-06,22544.69921875,2926.60009765625,89.16079711914062,13.729999542236328,86.88929748535156
2025-03-07,22552.5,2914.10009765625,89.047607421875,13.470000267028809,87.12879943847656
2025-03-10,22460.30078125,2899.39990234375,89.67024230957031,13.989999771118164,87.07379913330078
2025-03-11,22497.900390625,2920.89990234375,89.3494873046875,14.069999694824219,87.3551025390625
2025-03-12,22470.5,2946.800048828125,89.08534240722656,13.6899995803833,87.20010375976562
2025-03-13,22397.19921875,2991.300048828125,89.44384002685547,13.279999732971191,87.3405990600586
2025-03-14,,3001.10009765625,89.13250732421875,,86.9220962524414
2025-03-17,22508.75,3006.10009765625,89.20795440673828,13.420000076293945,86.93900299072266
2025-03-18,22834.30078125,3040.800048828125,89.3117446899414,13.210000038146973,86.91639709472656
2025-03-19,22907.599609375,3041.199951171875,89.5853500366211,13.300000190734863,86.57610321044922
2025-03-20,23190.650390625,3043.800048828125,89.71742248535156,12.600000381469727,86.33709716796875
2025-03-21,23350.400390625,3021.39990234375,89.6419448852539,12.579999923706055,86.33609771728516
2025-03-24,23658.349609375,3015.60009765625,89.1230697631836,13.699999809265137,85.98699951171875
2025-03-25,23668.650390625,3025.89990234375,89.27401733398438,13.640000343322754,85.53209686279297
2025-03-26,23486.849609375,3022.5,89.06646728515625,13.470000267028809,85.59040069580078
2025-03-27,23591.94921875,3061.0,88.99101257324219,13.300000190734863,86.09539794921875
2025-03-28,23519.349609375,3086.5,89.70799255371094,12.720000267028809,85.69490051269531
2025-03-31,,3122.800048828125,89.9721450805664,,85.53880310058594
2025-04-01,23165.69921875,3146.0,90.28824615478516,13.779999732971191,85.46810150146484
2025-04-02,23332.349609375,3166.199951171875,90.20305633544922,13.720000267028809,85.61009979248047
2025-04-03,23250.099609375,3121.699951171875,91.13056945800781,13.600000381469727,85.65119934082031
2025-04-04,22904.44921875,3035.39990234375,91.38607788085938,13.760000228881836,85.28289794921875
2025-04-07,22161.599609375,2973.60009765625,90.29769897460938,22.790000915527344,85.529296875
2025-04-08,22535.849609375,2990.199951171875,89.84341430664062,20.440000534057617,86.0270004272461
2025-04-09,22399.150390625,3079.39990234375,89.55949401855469,21.43000030517578,86.435302734375
2025-04-10,,3177.5,89.00110626220703,,86.20929718017578
2025-04-11,22828.55078125,3244.60009765625,88.49950408935547,20.110000610351562,86.2603988647461
2025-04-14,,3226.300048828125,89.20933532714844,,86.19300079345703
2025-04-15,23328.55078125,3240.39990234375,89.47431182861328,16.1299991607666,86.0447998046875
2025-04-16,23437.19921875,3346.39990234375,89.86235809326172,15.869999885559082,85.72669982910156
2025-04-17,23851.650390625,3328.39990234375,89.6068115234375,15.470000267028809,85.62049865722656
2025-04-21,24125.55078125,3425.300048828125,89.12413787841797,15.520000457763672,
2025-04-22,24167.25,3419.39990234375,89.19039154052734,15.229999542236328,85.15889739990234
2025-04-23,24328.94921875,3294.10009765625,89.28502655029297,15.960000038146973,85.2323989868164
2025-04-24,24246.69921875,3348.60009765625,89.76770782470703,16.25,85.4999008178711
2025-04-25,24039.349609375,3298.39990234375,90.1083984375,17.15999984741211,85.2573013305664
2025-04-28,24328.5,3347.699951171875,90.46804809570312,16.940000534057617,85.38490295410156
2025-04-29,24335.94921875,3333.60009765625,90.78036499023438,17.3700008392334,85.1603012084961
2025-04-30,24334.19921875,3319.10009765625,90.92232513427734,18.219999313354492,85.1707992553711
2025-05-01,,3222.199951171875,90.52639770507812,,84.53119659423828
2025-05-02,24346.69921875,3243.300048828125,89.91870880126953,18.260000228881836,84.69670104980469
2025-05-05,24461.150390625,3322.300048828125,89.75728607177734,18.34000015258789,84.52629852294922
2025-05-06,24379.599609375,3422.800048828125,89.98516845703125,19.0,84.2208023071289
2025-05-07,24414.400390625,3391.89990234375,90.2225570678711,19.059999465942383,84.79319763183594
2025-05-08,24273.80078125,3306.0,89.51991271972656,21.010000228881836,84.81719970703125
2025-05-09,24008.0,3344.0,89.58636474609375,21.6299991607666,86.08219909667969
2025-05-12,24924.69921875,3228.0,89.01667785644531,18.389999389648438,85.4083023071289
2025-05-13,24578.349609375,3247.800048828125,88.95020294189453,18.200000762939453,84.9656982421875
2025-05-14,24666.900390625,3188.300048828125,88.61787414550781,17.229999542236328,85.060302734375
2025-05-15,25062.099609375,3226.60009765625,89.19708251953125,16.889999389648438,85.48760223388672
2025-05-16,25019.80078125,3187.199951171875,89.22555541992188,16.549999237060547,85.44490051269531
2025-05-19,24945.44921875,3233.5,89.1780776977539,17.360000610351562,85.50029754638672
2025-05-20,24683.900390625,3284.60009765625,89.06416320800781,17.389999389648438,85.37210083007812
2025-05-21,24813.44921875,3313.5,88.44697570800781,17.549999237060547,85.53610229492188
2025-05-22,24609.69921875,3295.0,88.779296875,17.260000228881836,85.60030364990234
2025-05-23,24853.150390625,3365.800048828125,89.0356674194336,17.280000686645508,85.97489929199219
2025-05-26,25001.150390625,,,18.020000457763672,85.19930267333984
2025-05-27,24826.19921875,3300.39990234375,89.40596008300781,18.540000915527344,85.158203125
2025-05-28,24752.44921875,3294.89990234375,89.15909576416016,18.020000457763672,85.3604965209961
2025-05-29,24833.599609375,3317.10009765625,89.52940368652344,16.420000076293945,85.38590240478516
2025-05-30,24750.69921875,3288.89990234375,89.7952651977539,16.079999923706055,85.36129760742188
2025-06-02,24716.599609375,3397.199951171875,89.49042510986328,17.15999984741211,85.52429962158203
2025-06-03,24542.5,3377.10009765625,89.40469360351562,16.559999465942383,85.36370086669922
2025-06-04,24620.19921875,3399.199951171875,90.06199645996094,15.75,85.70880126953125
2025-06-05,24750.900390625,3375.10009765625,89.79527282714844,15.079999923706055,85.9041976928711
2025-06-06,25003.05078125,3346.60009765625,89.080810546875,14.630000114440918,85.87750244140625
2025-06-09,25103.19921875,3354.89990234375,89.24273681640625,14.6899995803833,85.7853012084961
2025-06-10,25104.25,3343.39990234375,89.39517211914062,14.020000457763672,85.75599670410156
2025-06-11,25141.400390625,3343.699951171875,89.76668548583984,13.670000076293945,85.65280151367188
2025-06-12,24888.19921875,3402.39990234375,90.15726470947266,14.020000457763672,85.46980285644531
2025-06-13,24718.599609375,3452.800048828125,89.8238525390625,15.079999923706055,85.68840026855469
2025-06-16,24946.5,3417.300048828125,89.56663513183594,14.84000015258789,86.24919891357422
2025-06-17,24853.400390625,3406.89990234375,90.00485229492188,14.399999618530273,86.10420227050781
2025-06-18,24812.05078125,3408.10009765625,90.06199645996094,14.279999732971191,86.36270141601562
2025-06-19,24793.25,,,14.260000228881836,86.61360168457031
2025-06-20,25112.400390625,3385.699951171875,90.11915588378906,13.670000076293945,86.58380126953125
2025-06-23,24971.900390625,3395.0,90.43354797363281,14.050000190734863,86.5802993774414
2025-06-24,25044.349609375,3333.89990234375,90.74789428710938,13.640000343322754,86.23300170898438
2025-06-25,25244.75,3343.10009765625,90.7860107421875,12.960000038146973,85.90480041503906
2025-06-26,25549.0,3348.0,91.10991668701172,12.59000015258789,86.006103515625
2025-06-27,25637.80078125,3287.60009765625,90.87173461914062,12.390000343322754,85.66639709472656
2025-06-30,25517.05078125,3307.699951171875,91.23373413085938,12.789999961853027,85.4552993774414
2025-07-01,25541.80078125,3349.800048828125,91.06460571289062,12.529999732971191,85.71399688720703
2025-07-02,25453.400390625,3359.699951171875,90.87346649169922,12.449999809265137,85.6427993774414
2025-07-03,25405.30078125,3342.89990234375,90.55809020996094,12.390000343322754,85.69409942626953
2025-07-04,25461.0,3346.5,,12.319999694824219,85.31909942626953
2025-07-07,25461.30078125,3342.800048828125,90.2713851928711,12.5600004196167,85.49629974365234
2025-07-08,25522.5,3316.89990234375,90.13760375976562,12.199999809265137,85.89199829101562
2025-07-09,25476.099609375,3321.0,90.60586547851562,11.9399995803833,85.7073974609375
2025-07-10,25355.25,3325.699951171875,90.55809020996094,11.670000076293945,85.70850372314453
2025-07-11,25149.849609375,3364.0,90.13760375976562,11.819999694824219,85.73480224609375
2025-07-14,25082.30078125,3359.10009765625,90.09938049316406,11.979999542236328,85.82129669189453
2025-07-15,25195.80078125,3336.699951171875,89.74578857421875,11.479999542236328,85.96839904785156
2025-07-16,25212.05078125,3359.10009765625,89.99427032470703,11.239999771118164,85.99310302734375
2025-07-17,25111.44921875,3345.300048828125,89.965576171875,11.239999771118164,85.88520050048828
2025-07-18,24968.400390625,3358.300048828125,90.21407318115234,11.390000343322754,86.04650115966797
2025-07-21,25090.69921875,3406.39990234375,90.52942657470703,11.199999809265137,86.14859771728516
2025-07-22,25060.900390625,3443.699951171875,90.78744506835938,10.75,86.19529724121094
2025-07-23,25219.900390625,3397.60009765625,90.46253204345703,10.520000457763672,86.3427963256836
2025-07-24,25062.099609375,3373.5,90.32875061035156,10.720000267028809,86.39869689941406
2025-07-25,24837.0,3335.60009765625,90.53897857666016,11.279999732971191,86.4302978515625
2025-07-28,24680.900390625,3310.0,90.33829498291016,12.0600004196167,86.506103515625
2025-07-29,24821.099609375,3324.0,90.93080139160156,11.529999732971191,86.77760314941406
2025-07-30,24855.05078125,3295.800048828125,90.61543273925781,11.210000038146973,87.06320190429688
2025-07-31,24768.349609375,3293.199951171875,90.69187927246094,11.539999961853027,87.714599609375
2025-08-01,24565.349609375,3399.800048828125,91.73600769042969,11.979999542236328,87.4894027709961
2025-08-04,24722.75,3426.39990234375,91.86064147949219,11.970000267028809,87.24530029296875
2025-08-05,24649.55078125,3434.699951171875,91.79351806640625,11.710000038146973,87.89330291748047
2025-08-06,24574.19921875,3433.39990234375,91.72640228271484,11.960000038146973,87.72309875488281
2025-08-07,24596.150390625,3453.699951171875,91.6593017578125,11.6899995803833,87.76249694824219
2025-08-08,24363.30078125,3491.300048828125,91.44835662841797,12.029999732971191,87.43319702148438
2025-08-11,24585.05078125,3404.699951171875,91.47713470458984,12.220000267028809,87.48829650878906
2025-08-12,24487.400390625,3399.0,91.45795440673828,12.229999542236328,87.66449737548828
2025-08-13,24619.349609375,3408.300048828125,91.78394317626953,12.140000343322754,87.59559631347656
2025-08-14,24631.30078125,3383.199951171875,91.48670959472656,12.359999656677246,87.44999694824219
2025-08-15,,3382.60009765625,91.30455017089844,,87.69180297851562
2025-08-18,24876.94921875,3378.0,91.21826171875,12.34000015258789,87.51280212402344
2025-08-19,24980.650390625,3358.699951171875,91.44835662841797,11.789999961853027,87.29509735107422
2025-08-20,25050.55078125,3388.5,91.58258056640625,11.789999961853027,87.0791015625
2025-08-21,25083.75,3381.60009765625,91.31413269042969,11.369999885559082,87.01820373535156
2025-08-22,24870.099609375,3418.5,91.82229614257812,11.729999542236328,87.29340362548828
2025-08-25,24967.75,3417.5,91.64012145996094,11.760000228881836,87.3301010131836
2025-08-26,24712.05078125,3433.0,91.87981414794922,12.1899995803833,87.60859680175781
2025-08-27,,3448.60009765625,92.0523910522461,,87.60070037841797
2025-08-28,24500.900390625,3474.300048828125,92.26333618164062,12.180000305175781,87.65910339355469
2025-08-29,24426.849609375,3516.10009765625,92.18663024902344,11.75,87.5916976928711
2025-09-01,24625.05078125,,,11.289999961853027,88.17430114746094
2025-09-02,24579.599609375,3592.199951171875,91.9115219116211,11.399999618530273,88.00140380859375
2025-09-03,24715.05078125,3635.5,92.22895812988281,10.930000305175781,87.99829864501953
2025-09-04,24734.30078125,3606.699951171875,92.64257049560547,10.850000381469727,88.072998046875
2025-09-05,24741.0,3653.300048828125,93.09468078613281,10.779999732971191,88.19290161132812
2025-09-08,24773.150390625,3677.39990234375,93.38326263427734,10.84000015258789,88.1863021850586
2025-09-09,24868.599609375,3682.199951171875,93.16200256347656,10.6899995803833,87.98049926757812
2025-09-10,24973.099609375,3682.0,93.41211700439453,10.539999961853027,88.21829986572266
2025-09-11,25005.5,3673.60009765625,93.55640411376953,10.359999656677246,88.05339813232422
2025-09-12,25114.0,3686.39990234375,93.28707122802734,10.119999885559082,88.2676010131836
2025-09-15,25069.19921875,3719.0,93.44097900390625,10.399999618530273,88.27729797363281
2025-09-16,25239.099609375,3725.10009765625,93.4986801147461,10.270000457763672,88.12349700927734
2025-09-17,25330.25,3717.800048828125,93.29668426513672,10.25,87.88459777832031
2025-09-18,25423.599609375,3678.300048828125,92.98887634277344,9.890000343322754,87.91069793701172
2025-09-19,25327.05078125,3705.800048828125,92.95040130615234,9.970000267028809,88.20690155029297
2025-09-22,25202.349609375,3775.10009765625,92.79649353027344,10.5600004196167,88.09919738769531
2025-09-23,25169.5,3815.699951171875,93.05619049072266,10.630000114440918,88.30439758300781
2025-09-24,25056.900390625,3768.10009765625,92.80610656738281,10.520000457763672,88.80799865722656
2025-09-25,24890.849609375,3771.10009765625,92.6041030883789,10.779999732971191,88.77860260009766
2025-09-26,24654.69921875,3809.0,92.55599975585938,11.430000305175781,88.77310180664062
2025-09-29,24634.900390625,3855.199951171875,92.82534790039062,11.369999885559082,88.67680358886719
2025-09-30,24611.099609375,3873.199951171875,92.78685760498047,11.069999694824219,88.70449829101562
2025-10-01,24836.30078125,3897.5,93.09947967529297,10.289999961853027,88.8406982421875
2025-10-02,,3868.10009765625,93.19596099853516,,88.68299865722656
2025-10-03,24894.25,3908.89990234375,93.01264953613281,10.0600004196167,88.72019958496094
2025-10-06,25077.650390625,3976.300048828125,92.74248504638672,10.1899995803833,88.73509979248047
2025-10-07,25108.30078125,4004.39990234375,92.97405242919922,10.050000190734863,88.72109985351562
2025-10-08,25046.150390625,4070.5,92.99334716796875,10.3100004196167,88.74259948730469
2025-10-09,25181.80078125,3972.60009765625,92.92579650878906,10.119999885559082,88.7771987915039
2025-10-10,25285.349609375,4000.39990234375,93.5047378540039,10.100000381469727,88.86540222167969
2025-10-13,25227.349609375,4133.0,93.55296325683594,11.010000228881836,88.7573013305664
2025-10-14,25145.5,4163.39990234375,93.79417419433594,11.15999984741211,88.66510009765625
2025-10-15,25323.55078125,4201.60009765625,93.68804168701172,10.529999732971191,88.78250122070312
2025-10-16,25585.30078125,4304.60009765625,94.12223815917969,10.869999885559082,87.80950164794922
2025-10-17,25709.849609375,4213.2998046875,93.96786499023438,11.630000114440918,87.9906997680664
2025-10-20,25843.150390625,4359.39990234375,94.0932846069336,11.359999656677246,88.0022964477539
2025-10-21,25868.599609375,4109.10009765625,94.26697540283203,11.300000190734863,87.87999725341797
2025-10-22,,4065.39990234375,94.2862548828125,,88.00160217285156
2025-10-23,25891.400390625,4145.60009765625,93.97750091552734,11.729999542236328,87.74030303955078
2025-10-24,25795.150390625,4137.7998046875,94.0643310546875,11.59000015258789,87.77899932861328
2025-10-27,25966.05078125,4019.699951171875,94.0643310546875,11.859999656677246,87.8290023803711
2025-10-28,25936.19921875,3983.10009765625,94.15117645263672,11.949999809265137,88.22209930419922
2025-10-29,26053.900390625,4000.699951171875,93.5433120727539,11.970000267028809,88.22550201416016
2025-10-30,25877.849609375,4015.89990234375,93.4082260131836,12.069999694824219,88.34559631347656
2025-10-31,25722.099609375,3996.5,93.44681549072266,12.149999618530273,88.6344985961914
2025-11-03,25763.349609375,4014.0,93.40230560302734,12.670000076293945,88.77539825439453
2025-11-04,25597.650390625,3960.5,93.51847076416016,12.649999618530273,88.72339630126953
2025-11-05,,3992.89990234375,93.07322692871094,,88.73200225830078
2025-11-06,25509.69921875,3991.0,93.54749298095703,12.40999984741211,88.55690002441406
2025-11-07,25492.30078125,4009.800048828125,93.58621215820312,12.5600004196167,88.6729965209961
2025-11-10,25574.349609375,4122.0,93.46038055419922,12.300000190734863,88.65799713134766
2025-11-11,25694.94921875,4116.2998046875,93.7507553100586,12.489999771118164,88.70709991455078
2025-11-12,25875.80078125,4213.60009765625,93.77010345458984,12.109999656677246,88.46649932861328
2025-11-13,25879.150390625,4194.5,93.49909973144531,12.15999984741211,88.59400177001953
2025-11-14,25910.05078125,4094.199951171875,93.34423828125,11.9399995803833,88.81610107421875
2025-11-17,26013.44921875,4074.5,93.45069885253906,11.789999961853027,88.68199920654297
2025-11-18,25910.05078125,4066.5,93.60555267333984,12.100000381469727,88.63590240478516
2025-11-19,26052.650390625,4082.800048828125,93.53780364990234,11.970000267028809,88.55680084228516
2025-11-20,26192.150390625,4060.0,93.76044464111328,12.140000343322754,88.48719787597656
2025-11-21,26068.150390625,4079.5,94.07017517089844,13.630000114440918,88.69219970703125
2025-11-24,25959.5,4094.199951171875,94.21533966064453,13.239999771118164,89.63400268554688
2025-11-25,25884.80078125,4140.0,94.45732116699219,12.239999771118164,89.14779663085938
2025-11-26,26205.30078125,4165.2001953125,94.53474426269531,11.970000267028809,89.15059661865234
2025-11-27,26215.55078125,,,11.789999961853027,89.16300201416016
2025-11-28,26202.94921875,4254.89990234375,94.37020111083984,11.619999885559082,89.36479949951172
2025-12-01,26175.75,4274.7998046875,93.86346435546875,11.630000114440918,89.3499984741211
2025-12-02,26032.19921875,4220.7998046875,93.94112396240234,11.229999542236328,89.61270141601562
2025-12-03,25986.0,4232.5,94.1352767944336,11.210000038146973,89.91719818115234
2025-12-04,26033.75,4243.0,93.84404754638672,10.819999694824219,90.17050170898438
2025-12-05,26186.44921875,4243.0,93.64989471435547,10.319999694824219,89.8364028930664
2025-12-08,25960.55078125,4217.7001953125,93.45574951171875,11.130000114440918,89.93800354003906
2025-12-09,25839.650390625,4236.2001953125,93.31983184814453,10.949999809265137,90.12999725341797
2025-12-10,25758.0,4224.7001953125,93.62077331542969,10.90999984741211,89.91690063476562
2025-12-11,25898.55078125,4313.0,93.63048553466797,10.399999618530273,89.79299926757812
2025-12-12,26046.94921875,4328.2998046875,93.37809753417969,10.109999656677246,90.25299835205078
2025-12-15,26027.30078125,4335.2001953125,93.45574951171875,10.25,90.5770034790039
2025-12-16,25860.099609375,4332.2998046875,93.71784210205078,10.0600004196167,90.77690124511719
2025-12-17,25818.55078125,4373.89990234375,93.69843292236328,9.84000015258789,90.94889831542969
2025-12-18,25815.55078125,4364.5,93.94112396240234,9.710000038146973,90.4136962890625
2025-12-19,25966.400390625,4387.2998046875,93.72978210449219,9.520000457763672,90.25579833984375
2025-12-22,26172.400390625,4469.39990234375,93.63240051269531,9.680000305175781,89.56999969482422
2025-12-23,26177.150390625,4505.7001953125,93.59343719482422,9.380000114440918,89.60389709472656
2025-12-24,26142.099609375,4502.7998046875,93.8369140625,9.1899995803833,89.50789642333984
2025-12-26,26042.30078125,4552.7001953125,93.92457580566406,9.149999618530273,90.10590362548828
2025-12-29,25942.099609375,4343.60009765625,94.06092071533203,9.720000267028809,89.82929992675781
2025-12-30,25938.849609375,4386.2998046875,93.96353149414062,9.680000305175781,89.9000015258789
