,Bull,Bear,Crisis
Bull,0.9714240431545466,0.028575956845453415,3.179607543372736e-23
Bear,0.019717639858993587,0.9721888522104608,0.008093507930545635
Crisis,1.6082767636663794e-21,0.050302662603507194,0.9496973373964928
